Name,Predominant Degree,Highest Degree,Control,Region,Locale,Admission Rate,ACT Median,SAT Average,Average Cost,Expenditure,Average Faculty Salary,Median Debt,Average Age of Entry,Average Family Income,Median Family Income,Mean Earnings,Median Earnings
Stanford University,3,4,Private,Far West,Large Suburb,0.0569,33,1466,58408,88200,19862,11500,21.61000061,83177.59,53935.5,109200,76500
Harvard University,3,4,Private,New England,Mid-size City,0.0584,34,1501,57950,47083,17861,7500,23.64999962,60645.79,33323.5,118700,77600
Yale University,3,4,Private,New England,Mid-size City,0.0705,34,1497,59320,106214,16042,12000,22.29999924,73769.14,45652.5,100000,70600
Princeton University,3,4,Private,Mid-Atlantic,Large Suburb,0.0741,33,1495,55430,48021,15711,7500,20.04000092,89090.02,50686,101500,66500
Columbia University in the City of New York,3,4,Private,Mid-Atlantic,Large City,0.0742,33,1471,61540,78147,15706,17125,23.76000023,59265.49,30939,92500,69500
Cooper Union for the Advancement of Science and Art,3,4,Private,Mid-Atlantic,Large City,0.0774,31,1358,56735,24981,11865,17500,20.34000015,56471.71,46772,55000,50400
Massachusetts Institute of Technology,3,4,Private,New England,Mid-size City,0.0815,34,1503,57010,58223,15617,13000,21.01000023,95848.89,79076,125100,86900
University of Chicago,3,4,Private,Great Lakes,Large City,0.0881,34,1504,62425,74864,16589,17610,21.80999947,75760.31,53224,86100,58700
Brown University,3,4,Private,New England,Mid-size City,0.0918,32,1425,58140,30823,13381,15164,19.78000069,103616.9,84559,70400,54400
Dartmouth College,3,4,Private,New England,Remote Town,0.0978,32,1446,61398,25268,13143,10695.5,20.20000076,102621.61,78815,88900,60300
California Institute of Technology,3,4,Private,Far West,Mid-size City,0.1055,34,1534,56382,92854,16120,14583,19.79000092,78937.67,53201,72200,60100
Claremont McKenna College,3,4,Private,Far West,Large Suburb,0.1173,31,1397,60065,26268,9388,12086,19.54000092,112417.66,88986.5,70800,55600
University of Pennsylvania,3,4,Private,Mid-Atlantic,Large City,0.1224,32,1442,59600,52081,15460,19500,22.21999931,87200.75,62169,106600,73200
Vanderbilt University,3,4,Private,Southeast,Large City,0.1274,33,1475,59890,76995,12871,13000,19.93000031,99004.36,74999.5,70800,54400
Adventist University of Health Sciences,3,4,Private,Southeast,Mid-size City,0.1336,19,884,21358,8382,6539,15236,28.70999908,58585.71,49657.5,52400,51800
Duke University,3,4,Private,Southeast,Mid-size City,0.1342,32,1444,59528,51653,14288,6569,21.30999947,92670.02,73265,96500,69400
Rust College,3,3,Private,Southeast,Distant Town,0.1386,14,666,14466,4684,4521,9000,20.92000008,26386.75,19293,22500,20600
Pomona College,3,3,Private,Far West,Large Suburb,0.1392,33,1454,57014,34930,12326,8561,19.37999916,96962.74,63215,53400,43100
Amherst College,3,3,Private,New England,Large Suburb,0.1428,32,1434,59060,23275,11690,10453,19.32999992,107166.93,85922,71100,54000
Swarthmore College,3,3,Private,Mid-Atlantic,Large Suburb,0.1432,33,1442,58481,29924,12138,17718.5,19.29000092,104516.71,89473,52000,41300
Bowdoin College,3,3,Private,New England,Fringe Town,0.1495,32,1423,58200,26266,10803,18000,19.26000023,111449.46,89780.5,63000,48600
Northwestern University,3,4,Private,Great Lakes,Small City,0.1532,33,1458,60729,34438,14525,18234,21.5,93582.8,71885.5,78000,58100
Washington University in St Louis,3,4,Private,Great Plains,Large Suburb,0.1555,33,1474,62594,97613,13286,19500,21.38999939,97020.72,77947.5,69500,58300
Cornell University,3,4,Private,Mid-Atlantic,Small City,0.1556,32,1422,59572,23140,13820,11500,19.79999924,97334.41,81957,84500,65000
Maria College of Albany,2,3,Private,Mid-Atlantic,Small City,0.1603,20,874,17344,5852,5891,14652.5,30.19000053,45226.14,31068,39600,37300
Rice University,3,4,Private,Southwest,Large City,0.1674,33,1454,52242,39651,13468,7727,20.45999908,91944.43,71258,73200,56500
Georgetown University,3,4,Private,Mid-Atlantic,Large City,0.1697,31,1398,59900,29282,12851,17125,21.87000084,87179.34,60247,100300,76200
Williams College,3,4,Private,New England,Fringe Town,0.1702,32,1439,59412,39164,12027,11248,19.32999992,106459.04,88403.5,61400,46400
Middlebury College,3,4,Private,New England,Distant Town,0.1716,32,1391,59200,23214,10599,17777.5,21.60000038,86276.38,60997.5,60900,49100
University of California-Berkeley,3,4,Public,Far West,Mid-size City,0.18,30,1350,32715,18072,14652,14480,20.78000069,60121.12,39266,62500,53000
Johns Hopkins University,3,4,Private,Mid-Atlantic,Large City,0.1813,32,1418,58980,75570,10922,17500,22.92000008,83968.47,57761.5,73800,64400
Harvey Mudd College,3,3,Private,Far West,Large Suburb,0.1817,34,1483,60613,27810,12450,25000,19.29999924,104063.05,86164.5,76300,68300
Washington and Lee University,3,4,Private,Southeast,Distant Town,0.1843,32,1392,56616,28860,12144,18543,20.30999947,132813.41,112856,76200,61800
Tufts University,3,4,Private,New England,Large Suburb,0.1884,32,1428,58752,21026,11427,17300,21.42000008,86991.55,64738,69000,57400
University of Southern California,3,4,Private,Far West,Large City,0.1984,31,1380,59787,42077,13045,21500,21.65999985,74599.85,42938,74400,62300
Albany State University,3,4,Public,Southeast,Small City,0.1992,19,887,19025,7089,5607,24500,22.45999908,40236.45,29794,30700,27900
Barnard College,3,3,Private,Mid-Atlantic,Large City,0.2053,30,1340,59581,21351,11888,16000,19.23999977,105139.12,77701,55100,46900
Wesleyan University,3,4,Private,New England,Small City,0.2092,31,1387,61167,24442,11163,17625,19.37999916,106492.97,88497,46300,42000
Carleton College,3,3,Private,Great Plains,Distant Town,0.2095,31,1406,58275,26533,10669,16644,19.39999962,104347.16,91175.5,52600,42700
Liberty University,3,4,Private,Southeast,Small City,0.2165,23,1030,31344,2167,4102,12612,25.45000076,62521.01,51134,34500,31400
University of California-Los Angeles,3,4,Public,Far West,Large City,0.2199,28,1289,31474,38489,15089,15200,20.92000008,54271.79,34557.5,60000,51000
Missouri Valley College,3,4,Private,Great Plains,Remote Town,0.2218,20,920,28754,3545,4635,10500,20.70000076,57807.29,49223.5,33000,31000
Colorado College,3,4,Private,Rocky Mountains,Large City,0.2228,30,1323,54200,20972,10886,17255,20.12999916,100140.33,73379,39400,34400
University of Notre Dame,3,4,Private,Great Lakes,Large Suburb,0.223,33,1450,57805,26795,12629,20300,20.09000015,123618.48,106005,76300,63200
Mississippi Valley State University,3,4,Public,Southeast,Remote Town,0.2272,17,825,17758,8408,5621,20969,23.63999939,21921.99,17447,24000,21000
Le Moyne-Owen College,3,3,Private,Southeast,Large City,0.2335,16,760,16427,4198,4750,12250,23.61000061,24665.5,17437.5,27000,23300
Haverford College,3,3,Private,Mid-Atlantic,Large Suburb,0.2349,32,1400,59654,27567,10341,13399,19.31999969,108246.15,89312.5,54200,46000
Vassar College,3,3,Private,Mid-Atlantic,Large Suburb,0.2411,32,1394,59320,29148,11065,16590,19.39999962,115433.73,102049,49200,42300
Art Academy of Cincinnati,3,4,Private,Great Lakes,Large City,0.2548,22,1009,32485,27594,4533,20375,21.01000023,86345.66,73527,24200,24000
Carnegie Mellon University,3,4,Private,Mid-Atlantic,Large City,0.2549,32,1432,59710,24821,11055,23000,19.82999992,103727.25,90107.5,90200,72200
Davidson College,3,3,Private,Southeast,Large Suburb,0.2561,31,1353,54930,17631,11706,15750,19.45999908,118112.31,111520,55100,47900
Northwood University-Texas,3,4,Private,Southwest,Fringe Rural,0.2578,20,924,31642,5038,6060,18750,25.45999908,63920.59,49456,45500,40800
Colby College,3,3,Private,New England,Remote Town,0.2604,30,1343,57300,20179,11329,18500,19.38999939,124510.95,104003,57000,45700
New York University,3,4,Private,Mid-Atlantic,Large City,0.2605,30,1352,60059,28606,13434,21500,20.72999954,99964.68,74827,64600,52500
Emory University,3,4,Private,Southeast,Large Suburb,0.2633,31,1363,58180,33796,12133,19000,21.20000076,95403.45,64962,72500,56900
Colgate University,3,4,Private,Mid-Atlantic,Distant Town,0.2638,31,1370,57745,21634,10985,15062.5,19.29000092,110016.68,91654,61700,53400
Tulane University of Louisiana,3,4,Private,Southeast,Large City,0.2643,31,1341,58904,21299,10880,20001,22.81999969,78916.25,45863.5,63600,51200
Hamilton College,3,3,Private,Mid-Atlantic,Fringe Rural,0.2719,31,1384,57420,28954,11159,15500,19.37000084,110802.25,99145,62800,52600
Rhode Island School of Design,3,4,Private,New England,Mid-size City,0.2731,28,1239,59597,20460,7949,25000,21.53000069,92334.03,75194,41700,39200
Edward Waters College,3,3,Private,Southeast,Large City,0.2732,17,802,22929,3304,4637,11351,22.18000031,29430.09,22439,26000,22000
University of North Carolina at Chapel Hill,3,4,Public,Southeast,Small City,0.2759,30,1313,23069,25891,11392,15000,20.62999916,80815.19,64969.5,59700,48000
University of Arkansas at Pine Bluff,3,4,Public,Southeast,Small City,0.277,18,842,15414,7154,5341,13698.5,21.51000023,30961.41,23857,27100,23700
Babson College,3,4,Private,New England,Large Suburb,0.2821,28,1258,58450,13960,14952,27000,20.28000069,104940.77,80987,83200,74700
Chicago State University,3,4,Public,Great Lakes,Large City,0.2865,19,892,18472,14592,7512,20862.5,26.42000008,25960.58,19349,34700,31200
Wellesley College,3,3,Private,New England,Large Suburb,0.2911,31,1399,57164,32790,12025,8000,19.87999916,91334.36,74657,58000,52800
Bucknell University,3,4,Private,Mid-Atlantic,Distant Town,0.2951,30,1306,59090,19054,10168,25000,19.42000008,121378.65,102976,62200,54800
Texas Wesleyan University,3,4,Private,Southwest,Large City,0.2992,21,997,30696,9982,6803,19500,24.98999977,50520,36026,40600,40700
University of Virginia-Main Campus,3,4,Public,Southeast,Small City,0.2999,31,1362,25255,16577,12428,17746,20.37999916,100872.78,84687,66300,53600
Oberlin College,3,4,Private,Great Lakes,Fringe Town,0.3041,30,1354,59683,27620,9872,23250,19.36000061,112508.35,97279,36700,33200
California State University-Long Beach,3,4,Public,Far West,Large City,0.3082,21,1012,18085,7422,8671,14494,22.19000053,45976.99,30725,45300,42400
Lehigh University,3,4,Private,Mid-Atlantic,Small City,0.3084,30,1322,55441,19955,12344,22500,19.32999992,125770.36,102543,77100,68600
Cabarrus College of Health Sciences,2,3,Private,Southeast,Small City,0.3107,23,998,19688,6927,6672,12750,26.03000069,58727.29,49956,39100,39500
University of Richmond,3,4,Private,Southeast,Mid-size City,0.3116,30,1313,55980,18204,10983,18370,22.28000069,109334.2,90735.5,61800,51500
San Diego State University,3,4,Public,Far West,Large City,0.3121,24,1090,20252,6797,9229,14495,21.98999977,57515.91,37534,47300,44000
California Polytechnic State University-San Luis Obispo,3,4,Public,Far West,Small Suburb,0.3123,28,1242,23867,9907,8675,17500,20.39999962,86747.55,72114,60000,55400
Trinity College,3,4,Private,New England,Mid-size City,0.3178,27,1240,59865,23403,10884,19275,20.31999969,117428.63,87726,56000,50300
Boston College,3,4,Private,New England,Small City,0.3222,32,1375,58639,18302,13355,19000,20.60000038,103787.15,81102,78700,61800
Corban University,3,4,Private,Far West,Mid-size City,0.3225,23,1067,38834,6654,5463,19500,22.97999954,69572.67,65500.5,36700,32500
Northeastern University,3,4,Private,New England,Large City,0.3231,32,1394,55914,13078,11581,25759.5,20.93000031,99407.61,83394,60600,56400
Johnson College,2,2,Private,Mid-Atlantic,Small City,0.329,20,1018,23767,5851,5786,12000,21.89999962,56312.05,48545,37100,34400
University of Missouri-Kansas City,3,4,Public,Great Plains,Large City,0.33,24,1105,23437,15048,8305,15750,23.30999947,57316.66,40642,47400,41300
George Washington University,3,4,Private,Mid-Atlantic,Large City,0.3308,29,1297,58925,19705,13058,22723,20.29999924,105732.4,85746,69400,60100
SUNY at Purchase College,3,4,Public,Mid-Atlantic,Large Suburb,0.3319,24,1082,22381,10361,7092,19750,20.61000061,78438.02,63153,33800,30900
College of William and Mary,3,4,Public,Southeast,Small Suburb,0.3321,30,1358,25938,13265,10253,19500,19.95999908,112915,98940,57400,48800
University of Michigan-Ann Arbor,3,4,Public,Great Lakes,Mid-size City,0.3326,30,1352,25760,22051,10509,21000,20.87999916,87306.5,69630,65900,53400
Central State University,3,4,Public,Great Lakes,Fringe Rural,0.3328,17,825,17380,6839,6423,17411,20.56999969,34544.86,25877,23200,20500
Nebraska Methodist College of Nursing & Allied Health,3,4,Private,Great Plains,Large City,0.3333,23,1070,23987,9227,5994,22683.5,24.77000046,60558.1,48876,45300,46700
Warner University,3,4,Private,Southeast,Fringe Rural,0.3378,19,908,28555,3166,4638,15306,28.25,48240.15,38439.5,40900,37000
Berea College,3,3,Private,Southeast,Distant Town,0.3401,24,1113,30396,15067,7357,5496.5,20.04999924,30776.75,29786.5,31200,29700
Lafayette College,3,3,Private,Mid-Atlantic,Large Suburb,0.3414,29,1283,57688,20383,10996,21648,19.31999969,122599.26,107123,69500,62400
Macalester College,3,3,Private,Great Plains,Large City,0.3416,31,1350,55393,17781,9450,21996.5,19.37999916,93155.63,85439.5,45600,38900
Oakwood University,3,4,Private,Southeast,Mid-size City,0.3435,20,924,34705,7656,5307,22000,21.22999954,54196.14,42094.5,32300,27300
Watkins College of Art Design & Film,3,3,Private,Southeast,Large City,0.3498,21,971,33979,9605,5191,16000,23.79000092,64882.84,44199.5,31400,29900
Skidmore College,3,4,Private,Mid-Atlantic,Small Suburb,0.3505,28,1247,58562,19402,9067,19500,20.25,103433.96,79221,46200,41900
Grinnell College,3,3,Private,Great Plains,Remote Town,0.3506,30,1357,53318,23516,9129,10022.5,19.37999916,98649.16,88440,47100,37600
Tuskegee University,3,4,Private,Southeast,Distant Town,0.3511,20,937,32853,13235,6679,23687.5,19.59000015,51894.99,39069,37100,30800
Dillard University,3,3,Private,Southeast,Large City,0.3544,19,884,25343,12462,6288,20000,19.92000008,44677.8,31979,30500,28000
Tougaloo College,3,3,Private,Southeast,Mid-size City,0.3551,18,864,20179,5739,4683,23537,20.44000053,35243.71,24466,25400,23500
University of Rochester,3,4,Private,Mid-Atlantic,Mid-size City,0.3568,31,1353,59156,29937,12762,24325.5,20.23999977,97862.81,85192,59500,50200
Scripps College,3,4,Private,Far West,Large Suburb,0.357,31,1364,58888,28314,10598,12500,19.70000076,96293.5,79296,43800,38800
Southern University and A & M College,3,4,Public,Southeast,Mid-size City,0.359,19,890,17928,6369,6158,24250,20.81999969,33242.29,23636,32900,28700
Brigham Young University-Hawaii,3,4,Private,Far West,Fringe Town,0.3604,24,1081,14544,11999,8794,5780,22.23999977,39733.27,22339,41400,34100
Hampton University,3,4,Private,Southeast,Mid-size City,0.3605,21,990,32358,8966,7455,22870,21,69758.11,55050,42100,38000
Ohio Valley University,3,4,Private,Southeast,Small City,0.3639,21,971,27759,6762,4740,12000,24.23999977,66867.95,56558,34600,32300
Johnson C Smith University,3,3,Private,Southeast,Large City,0.3668,17,826,30314,6837,6158,18750,19.59000015,45964.04,34256.5,26000,25100
Brandeis University,3,4,Private,New England,Small City,0.3704,30,1347,58850,14309,11328,26000,19.48999977,113024.02,97995,54600,47400
Menlo College,3,3,Private,Far West,Large Suburb,0.3705,22,1001,51649,8329,11564,19125,21.23999977,70808.27,54828,45900,41700
Union College,3,3,Private,Mid-Atlantic,Small City,0.3728,30,1313,58023,20763,10454,24334,19.45999908,113355.39,98739.5,59600,54700
Colorado School of Mines,3,4,Public,Rocky Mountains,Large Suburb,0.3743,29,1298,29091,13498,10579,22625,20.02000046,83465.13,74554,78700,73000
Alaska Pacific University,3,4,Private,Far West,Large City,0.3745,22,1008,42925,10753,5137,19250,26.52000046,65433.53,48081.5,41100,38000
University of California-San Diego,3,4,Public,Far West,Large City,0.375,28,1276,29751,22757,13126,18463,20.20000076,58621.21,41248,56800,50100
Andrews University,3,4,Private,Great Lakes,Fringe Town,0.3751,23,1070,33653,11640,4961,23000,21.67000008,60803.03,53737,38900,33400
Hardin-Simmons University,3,4,Private,Southwest,Mid-size City,0.3759,23,1035,32001,9644,6653,16137,20.94000053,71686.11,60884,40400,36700
Bryan College-Dayton,3,4,Private,Southeast,Distant Town,0.3762,23,1053,29489,4331,4166,9722,25.87000084,62141.47,55458.5,37800,35400
Western Carolina University,3,4,Public,Southeast,Fringe Rural,0.3766,22,1034,17805,7906,7493,15000,21.27000046,64748.81,55820,34000,32200
Kentucky State University,3,4,Public,Southeast,Distant Town,0.3774,18,860,18387,7431,6102,14750,22.54000092,41361.97,31104,27300,26100
Spelman College,3,3,Private,Southeast,Large City,0.3802,22,1024,41635,11178,7514,25500,19.94000053,71841.55,54315,43400,40600
Stevens Institute of Technology,3,4,Private,Mid-Atlantic,Large Suburb,0.3816,30,1305,59479,14918,9474,26500,19.54000092,99419.73,87408,78600,79200
Southern Adventist University,3,4,Private,Southeast,Large Suburb,0.3826,23,1050,29085,9131,5123,18554,20.89999962,70132.24,57374,37100,33600
Kenyon College,3,3,Private,Great Lakes,Distant Town,0.3838,30,1328,57910,19725,8924,16491,19.48999977,124272.54,110054,40400,37400
Tiffin University,3,4,Private,Great Lakes,Distant Town,0.3856,21,969,34771,2238,6822,12033,23.93000031,64758.72,56315,37100,34000
University of La Verne,3,4,Private,Far West,Large Suburb,0.3895,23,1035,45305,7629,8605,22218,27.76000023,54488.73,39519,47900,45300
Stony Brook University,3,4,Public,Mid-Atlantic,Large Suburb,0.3948,28,1253,20611,18552,10346,17000,20.70000076,61963.11,42408,51600,48200
Fisk University,3,4,Private,Southeast,Large City,0.3968,18,854,38893,9602,5525,21500,19.94000053,51683.87,38568,29500,29500
Memphis College of Art,3,4,Private,Southeast,Large City,0.3978,22,1030,37855,8350,5255,25774,21.60000038,59445.66,39874.5,26800,22800
Bryn Mawr College,3,4,Private,Mid-Atlantic,Large Suburb,0.3992,30,1334,57586,30846,9775,22650,20.48999977,91611.46,70896,48200,46800
Calumet College of Saint Joseph,3,4,Private,Great Lakes,Large Suburb,0.4,18,855,19530,6949,5564,15500,29.17000008,51031.19,39621,43700,38700
Andrew College,2,2,Private,Southeast,Distant Town,0.4013,17,825,26050,5501,3412,9000,19.79999924,54366.72,37059,26900,24500
The University of Texas at Austin,3,4,Public,Southwest,Large City,0.4019,28,1262,25176,16906,10900,20500,20.18000031,79614.32,62086,58900,48600
University of Miami,3,4,Private,Southeast,Large Suburb,0.4044,30,1332,57700,28251,11115,18750,20.87000084,86177.73,59417,60800,51100
University of Tulsa,3,4,Private,Southwest,Large City,0.4059,29,1279,46560,16047,9672,20500,21.12000084,79960.34,64324,50700,41400
LeTourneau University,3,4,Private,Southwest,Small City,0.4066,26,1175,37031,7550,7287,23250,29.61000061,57117.48,44614.5,51000,44500
Rockford University,3,4,Private,Great Lakes,Mid-size City,0.4097,22,1029,37253,5854,5567,18750,25.47999954,59744.32,45484,39500,37400
Jefferson College of Health Sciences,3,4,Private,Southeast,Small City,0.4106,22,963,31688,10877,6610,21000,26.86000061,55184.88,46314,54900,50900
Mid-Atlantic Christian University,3,3,Private,Southeast,Distant Town,0.4107,17,853,24257,3846,5186,12000,22.75,55766.47,47354,27400,25200
University of Connecticut-Stamford,3,4,Public,New England,Mid-size City,0.4107,21,1017,13028,4958,14803,18983,20.12000084,94914.09,86510,54100,49700
Rensselaer Polytechnic Institute,3,4,Private,Mid-Atlantic,Small City,0.412,29,1366,59470,20550,12145,27000,19.71999931,102722.37,94717.5,71900,70100
St Joseph's College of Nursing at St Joseph's Hospital Health Center,2,2,Private,Mid-Atlantic,Mid-size City,0.4121,22,1015,23992,12417,7546,12075,30.13999939,58385.12,50740,53100,56100
Gordon College,3,4,Private,New England,Large Suburb,0.4133,26,1156,43140,9906,7783,23000,19.37000084,97646.34,88787,38300,36700
New Mexico Institute of Mining and Technology,3,4,Public,Southwest,Remote Town,0.4136,26,1200,17600,9268,6908,9283,21.52000046,60441.2,42214,52800,48600
Gettysburg College,3,3,Private,Mid-Atlantic,Small City,0.4163,28,1282,55770,15043,9257,19957,19.34000015,131825.39,107490,51400,46200
Delaware State University,3,4,Public,Mid-Atlantic,Small City,0.4168,18,890,20506,10853,7478,15000,20.44000053,51471.74,40163,32000,30500
Barton College,3,4,Private,Southeast,Fringe Town,0.4177,20,939,37437,6597,5838,21500,24.12999916,59406.39,43763.5,35500,33800
New Mexico Military Institute,2,2,Public,Southwest,Remote Town,0.4186,20,967,14200,13188,6852,5500,19.59000015,46800.62,35888.5,42700,31900
Case Western Reserve University,3,4,Private,Great Lakes,Large City,0.4188,31,1377,55783,31974,10272,22500,21.94000053,72928.28,57740,74300,61800
University of Connecticut-Tri-Campus,3,4,Public,New England,Mid-size Suburb,0.4207,22,1015,13099,3882,12909,18983,20.12000084,94914.09,86510,54100,49700
Lander University,3,4,Public,Southeast,Distant Town,0.4216,20,945,21628,5092,5675,15250,20.96999931,57754.73,45814,32800,31300
Motlow State Community College,2,2,Public,Southeast,Fringe Rural,0.4226,19,910,12466,5274,5050,3500,24.62999916,33492.67,26146,27900,25800
Dallas Baptist University,3,4,Private,Southwest,Large City,0.423,23,1078,32489,7945,7607,17348.5,26.60000038,63393.55,48905.5,44000,39900
Prairie View A & M University,3,4,Public,Southwest,Distant Town,0.4232,18,845,16782,5864,7307,17438,20.61000061,44974.4,34372,34700,30900
University of California-Irvine,3,4,Public,Far West,Mid-size City,0.4239,24,1122,28980,17853,12839,15500,20.19000053,67260.78,50385,52000,47100
Occidental College,3,4,Private,Far West,Large City,0.4239,29,1303,60655,16465,10402,20900,19.61000061,86871.68,67714.5,46300,41100
The Baptist College of Florida,3,3,Private,Southeast,Distant Town,0.4257,24,1062,15748,5781,4941,14425,24.15999985,52369.53,38516.5,31000,27200
Bluefield State College,3,3,Public,Southeast,Remote Town,0.4267,19,905,14940,5800,6170,13000,25.86000061,29473.67,21135,30500,25700
SUNY at Binghamton,3,4,Public,Mid-Atlantic,Mid-size Suburb,0.4287,29,1297,21966,10953,9059,17750,20.30999947,75078.96,57865.5,55900,52100
Stillman College,3,3,Private,Southeast,Small City,0.43,19,882,24744,4330,4743,19000,20.54000092,35064.97,25809,26300,23200
Florida International University,3,4,Public,Southeast,Large Suburb,0.4304,26,1154,18426,6702,9653,13750,22.38999939,38171.07,27626,44200,40500
American University,3,4,Private,Mid-Atlantic,Large City,0.4312,28,1258,55159,12700,11074,19500,20.04999924,105560.77,86431,55900,51600
Alderson Broaddus University,3,4,Private,Southeast,Distant Town,0.4321,22,989,33057,7403,4924,9500,21.69000053,55945.87,48013,45100,43500
Hillsdale Free Will Baptist College,3,4,Private,Southwest,Large Suburb,0.4331,19,899,23637,3755,2709,10125,22.10000038,45723.57,37236,34200,30200
Wesleyan College,3,4,Private,Southeast,Small City,0.4339,20,982,30878,11411,7250,19000,24.51000023,51834.51,37243.5,32100,32000
Mississippi University for Women,3,4,Public,Southeast,Remote Town,0.4349,21,995,15935,6017,5914,14000,24.12999916,38199.88,26756,35300,31400
Oral Roberts University,3,4,Private,Southwest,Large City,0.4354,23,1037,35070,7486,6551,22500,21.82999992,66075.88,53889,36100,32200
State University of New York at New Paltz,3,4,Public,Mid-Atlantic,Large Suburb,0.4359,25,1129,20428,10228,6719,17500,21.05999947,73261.15,59391,41100,38500
Grambling State University,3,4,Public,Southeast,Distant Town,0.4363,18,863,20881,4912,5794,23750,20.92000008,34278.86,23973,28400,24800
Lawrence Technological University,3,4,Private,Great Lakes,Small City,0.4365,25,1145,39890,10272,7585,21500,22.10000038,74787.91,63620,51700,50000
Paine College,3,3,Private,Southeast,Mid-size City,0.4377,16,778,21516,8877,5423,15150,20.70000076,35425.97,27737,24600,21800
Bentley University,3,4,Private,New England,Small City,0.4379,28,1234,54806,13149,12158,26000,19.65999985,105823.11,93494,71600,69000
Sterling College,3,3,Private,Great Plains,Distant Rural,0.4405,22,1015,30722,4858,3587,14500,20.35000038,63416.69,58450,33100,29300
California State University-Monterey Bay,3,4,Public,Far West,Mid-size Suburb,0.444,21,976,18479,8677,7478,13750,24.19000053,56504.19,38387,39300,37100
University of Minnesota-Twin Cities,3,4,Public,Great Plains,Large City,0.4442,28,1270,24278,13003,10892,18822,20.87000084,80969.01,72908.5,49500,43300
University of California-Santa Barbara,3,4,Public,Far West,Mid-size Suburb,0.4444,27,1212,31913,10571,13048,15000,20.04999924,70987.15,51240,50300,45600
Dickinson College,3,3,Private,Mid-Atlantic,Small City,0.4444,29,1285,58149,17811,8726,19545,19.36000061,119315.61,100478,53500,48700
Chapman University,3,4,Private,Far West,Mid-size City,0.4471,27,1208,57020,13977,11095,19000,27.71999931,71813.4,53889,49800,48000
Newman University,3,4,Private,Great Plains,Large City,0.4472,24,1079,33524,4504,5684,16945,25.26000023,57296.43,43838,41500,39500
West Virginia State University,3,4,Public,Southeast,Mid-size Suburb,0.4478,20,942,13756,6569,6067,12916,24.45999908,36024.82,25404.5,29700,27000
Southeastern Louisiana University,3,4,Public,Southeast,Small City,0.448,22,1030,15729,5391,6335,11670,21.56999969,46591.28,32109.5,36200,33400
Brevard College,3,3,Private,Southeast,Fringe Town,0.4489,20,950,35062,8357,5054,11306.5,20.72999954,73359.52,58691,26700,25500
Florida Agricultural and Mechanical University,3,4,Public,Southeast,Mid-size City,0.45,20,947,19191,7958,7994,20750,20.31999969,46236.87,33649,39800,32300
Brescia University,3,4,Private,Southeast,Small City,0.45,22,1010,27219,7085,5221,12146.5,23.69000053,54869.78,51173,37000,35000
Alice Lloyd College,3,3,Private,Southeast,Remote Rural,0.4502,21,990,19450,4532,4454,6700,19.98999977,36041.15,30027.5,32700,27700
Texas Southern University,3,4,Public,Southwest,Large City,0.4503,17,832,22311,9114,7660,17311.5,21.97999954,31016.12,22626,31600,25900
University of California-Davis,3,4,Public,Far West,Small Suburb,0.4521,26,1192,31803,21365,12065,13626.5,20.51000023,59783.54,41894,54800,48500
University of North Carolina School of the Arts,3,4,Public,Southeast,Mid-size City,0.4521,23,1105,19666,20892,6953,19500,20.20000076,83619.14,69633.5,33000,29600
University of South Florida-Main Campus,3,4,Public,Southeast,Large City,0.4524,26,1168,19299,8322,8082,16954,22.48999977,52366.99,36808.5,40600,37900
Gordon State College,2,3,Public,Southeast,Distant Town,0.4529,17,840,13091,4155,5168,8250,22.51000023,44126.94,33817.5,30900,28300
Manor College,2,2,Private,Mid-Atlantic,Large Suburb,0.455,15,830,23119,5555,4828,12000,24.47999954,56582.04,43347,37500,34800
Boston University,3,4,Private,New England,Large City,0.4561,28,1279,59036,27281,12360,25500,19.95000076,106244,91507,60000,53600
SUNY College at Plattsburgh,3,4,Public,Mid-Atlantic,Distant Town,0.4564,22,1026,20371,10349,6830,18750,20.92000008,74172.36,65821,38800,36600
SUNY College at Geneseo,3,4,Public,Mid-Atlantic,Distant Town,0.4566,28,1274,21004,10011,7177,18500,19.81999969,89014.11,84076,44500,42500
St Thomas University,3,4,Private,Southeast,Large Suburb,0.4567,19,904,37090,7162,9486,16500,25.69000053,50272.73,35584,53300,41600
Concord University,3,4,Public,Southeast,Remote Town,0.457,21,980,17146,5358,6123,11028,21.37999916,47421.17,37164,31200,27800
California State University-Fullerton,3,4,Public,Far West,Large Suburb,0.4579,22,1021,16663,7685,8521,12900.5,22.60000038,46741.81,31500,43800,40500
Huston-Tillotson University,3,4,Private,Southwest,Large City,0.4589,15,780,25894,7991,5676,12498,22.04000092,39417.62,28925,29600,27800
Denison University,3,3,Private,Great Lakes,Small Suburb,0.4597,29,1285,54490,17853,8414,22000,19.40999985,120939.76,101305,47300,43100
Wilmington College,3,4,Private,Great Lakes,Fringe Rural,0.4603,22,1006,39415,6005,5915,21576,22.18000031,68059.17,61722,36300,35000
Muhlenberg College,3,3,Private,Mid-Atlantic,Mid-size City,0.4616,28,1246,53637,14525,8429,24187,20.62999916,125281.36,110473,51700,49100
California State University-Northridge,3,4,Public,Far West,Large City,0.4624,19,918,20899,6952,8395,12500,22.63999939,39205.28,27373,41900,38300
Spring Hill College,3,4,Private,Southeast,Mid-size City,0.4627,24,1100,43325,6999,6057,20500,21.48999977,78659.44,58994,40000,37500
Otis College of Art and Design,3,4,Private,Far West,Large City,0.4628,22,1002,52397,16683,6936,26500,21.75,61484.47,36748,45400,42400
Baptist Memorial College of Health Sciences,3,3,Private,Southeast,Large City,0.463,25,1125,19745,9801,6442,21000,25.35000038,54231.6,41376,50700,50100
University of Florida,3,4,Public,Southeast,Mid-size City,0.4655,29,1272,20456,15167,10498,14546,20.48999977,64142.77,45776.5,54600,46600
Northern Kentucky University,3,4,Public,Southeast,Large Suburb,0.467,22,1024,14603,7303,6780,15000,22.48999977,62838.79,53630,35700,32800
North Carolina Wesleyan College,3,3,Private,Southeast,Small City,0.4676,18,863,36686,5604,5438,13514,25.52000046,51983.81,38164.5,39400,35100
La Sierra University,3,4,Private,Far West,Large City,0.4677,20,926,39842,10375,7230,14500,20.93000031,65695.31,51186,45000,37300
Barry University,3,4,Private,Southeast,Large Suburb,0.4678,19,930,41019,10646,7696,21500,27.72999954,53233.76,37767.5,46200,42200
Hope International University,3,4,Private,Far West,Large Suburb,0.4681,20,951,40303,5886,5232,17250,26.56999969,61808.16,51464,37100,33000
SUNY College at Cortland,3,4,Public,Mid-Atlantic,Distant Town,0.4683,23,1058,21840,9182,6517,18750,20.27000046,82229.52,77274.5,41100,40400
Concordia University-Texas,3,4,Private,Southwest,Large City,0.4685,23,1035,37394,5736,6269,15224,25.32999992,74551.81,58229.5,41600,37200
University of Saint Mary,3,4,Private,Great Plains,Fringe Town,0.4707,22,988,31515,7202,5695,18385,24.12999916,65749.26,57817.5,35000,32600
Fordham University,3,4,Private,Mid-Atlantic,Large City,0.4713,28,1258,56604,13784,12679,21500,20.09000015,96092.62,74870,54600,50300
Cumberland University,3,4,Private,Southeast,Fringe Town,0.473,21,986,33402,6408,5864,17259,22,62062.35,47713,38400,36600
Virginia Military Institute,3,3,Public,Southeast,Distant Town,0.4732,25,1141,24643,12475,7426,19710,19.46999931,95765.01,89939.5,52200,53300
Jacksonville University,3,4,Private,Southeast,Large City,0.4737,22,1010,42459,8135,6923,15000,25.45999908,68702.63,55957,49000,42100
Texas Christian University,3,4,Private,Southwest,Large City,0.4739,27,1206,48189,14422,10206,19500,20.54999924,103263.14,81852.5,50700,45800
Millsaps College,3,4,Private,Southeast,Mid-size City,0.4745,26,1159,44435,13004,6984,21750,20.15999985,79495.99,65693,41300,38900
Christian Brothers University,3,4,Private,Southeast,Large City,0.4745,24,1105,34413,6948,5988,20600,23.37999916,59020.1,41418,43900,41800
SUNY Institute of Technology at Utica-Rome,3,4,Public,Mid-Atlantic,Mid-size Suburb,0.4754,24,1053,19843,9945,8487,13193.5,24.18000031,53549.49,40836.5,47800,44800
Oklahoma Panhandle State University,3,3,Public,Southwest,Distant Rural,0.4767,19,890,15439,5257,4967,9375,22.62000084,42766.16,33556,35300,32300
Clayton State University,3,4,Public,Southeast,Large Suburb,0.477,20,939,17487,5310,6019,18997,26.22999954,40773.94,30868,37600,34900
Florida Atlantic University,3,4,Public,Southeast,Small City,0.4773,22,1039,19131,6131,7962,12500,23.69000053,46536.36,32086,41400,37800
SUNY College at Brockport,3,4,Public,Mid-Atlantic,Fringe Town,0.4774,24,1069,19511,11538,7181,17750,21.45000076,68780.73,62559,39900,37600
Texas A & M International University,3,4,Public,Southwest,Mid-size City,0.4785,18,892,15272,5482,7689,11250,22.76000023,31619.88,23615.5,42600,41100
Emerson College,3,4,Private,New England,Large City,0.4798,28,1240,51158,9283,9204,21500,19.67000008,108523.09,94808,42600,38900
California Lutheran University,3,4,Private,Far West,Mid-size City,0.4802,24,1108,48630,8149,9597,19500,21.72999954,95022.25,76461,48100,44300
The University of West Florida,3,4,Public,Southeast,Small City,0.4808,24,1062,18158,5710,7392,12500,23.73999977,47671.85,34467,36200,33400
Gardner-Webb University,3,4,Private,Southeast,Distant Town,0.4817,22,1018,35790,6176,6413,17840,25.87000084,57914.44,46379.5,37000,34400
Belhaven University,3,4,Private,Southeast,Mid-size City,0.4842,22,1033,33375,4341,4327,19500,29.38999939,50301.32,36084,36900,33100
Trinity Baptist College,3,4,Private,Southeast,Large City,0.4847,19,863,16752,2670,3450,5500,21.95999908,49072.01,44214.5,28800,26400
Reed College,3,4,Private,Far West,Large City,0.4853,31,1371,57701,20261,10092,15500,19.69000053,90869.88,69123.5,36000,28400
College for Creative Studies,3,4,Private,Great Lakes,Large City,0.486,22,1010,46095,10845,6882,24000,21.35000038,79319.28,65746,39700,33200
SUNY College at Oswego,3,4,Public,Mid-Atlantic,Distant Town,0.4863,24,1110,21222,9804,6733,18750,20.69000053,70031.26,63043,39200,36400
Dickinson State University,3,3,Public,Great Plains,Remote Town,0.4868,21,965,13314,9327,6315,13000,22.34000015,53071.16,47245.5,40900,35400
William Carey University,3,4,Private,Southeast,Small City,0.4877,24,1105,23962,6338,5888,18375,24.52000046,36120.41,25265,36600,32500
Piedmont International University,3,4,Private,Southeast,Mid-size City,0.4884,19,878,22699,3454,3006,12000,23.79999924,48164.47,39036,29400,25700
University of San Diego,3,4,Private,Far West,Large City,0.4885,28,1228,56346,13166,11648,19500,20.85000038,97719.44,69873.5,61800,53400
Southern University at New Orleans,3,4,Public,Southeast,Large City,0.4888,17,808,10889,10302,5830,18442,24.86000061,19767.87,16097,28300,26100
York College,3,3,Private,Great Plains,Remote Town,0.489,20,924,26127,5385,4936,16651,20.03000069,64269.03,60482,33200,31300
Villanova University,3,4,Private,Mid-Atlantic,Large Suburb,0.489,30,1316,56265,15426,10425,25000,20.02000046,130737.82,112696,70500,65100
University of Central Florida,3,4,Public,Southeast,Large Suburb,0.4894,26,1175,19815,5403,8646,15000,22.14999962,54803.88,38367.5,42900,39300
Abilene Christian University,3,4,Private,Southwest,Mid-size City,0.4894,24,1087,39811,8737,5508,20698.5,20.22999954,86392,75873.5,39800,37200
Simmons College,3,4,Private,New England,Large City,0.4897,26,1149,51093,12373,8098,25000,21.30999947,81764.35,67781,48400,46500
Lane College,3,3,Private,Southeast,Small City,0.4916,15,716,17406,4813,4704,16018,20.27000046,31750.65,25617,22700,20300
San Diego Christian College,3,4,Private,Far West,Large Suburb,0.492,21,986,37696,4972,5271,11806,23.01000023,64080.54,51463,34600,31000
Howard University,3,4,Private,Mid-Atlantic,Large City,0.493,24,1081,40129,22191,8566,24250,20.96999931,63421.37,47531,46400,42400
Oklahoma Wesleyan University,3,4,Private,Southwest,Distant Town,0.4934,21,981,32241,6127,5309,16664,29.70999908,61956.88,53772,49900,46700
Toccoa Falls College,3,3,Private,Southeast,Fringe Rural,0.494,20,1000,30178,4794,5049,15250,20.77000046,59143.38,50289,26700,24600
Ohio Dominican University,3,4,Private,Great Lakes,Large City,0.494,22,1028,40370,5064,6712,21081.5,24.95000076,62680.61,49137.5,39100,35200
Brigham Young University-Provo,3,4,Private,Rocky Mountains,Mid-size City,0.4942,29,1277,17174,13268,9649,9260.5,21.70000076,42156.62,20347,55500,47400
Bethany College,3,4,Private,Southeast,Fringe Rural,0.4948,21,936,38226,7845,5693,18250,19.84000015,70454.97,64954.5,37600,35700
Syracuse University,3,4,Private,Mid-Atlantic,Mid-size City,0.4949,26,1158,55600,14915,10822,27000,20.01000023,98994.29,80005.5,54800,50800
Notre Dame of Maryland University,3,4,Private,Mid-Atlantic,Large City,0.4964,22,1036,41871,10035,7064,21732.5,27.38999939,69516.08,56669,47900,45600
Mount Olive College,3,3,Private,Southeast,Fringe Town,0.4979,19,915,26161,3143,6231,18845,31.14999962,49273.48,38102,39000,35200
Flagler College-St Augustine,3,3,Private,Southeast,Small Suburb,0.4987,23,1096,28305,5796,6087,16500,21.80999947,72203.48,61140,34300,33800
Florida Southern College,3,4,Private,Southeast,Small City,0.4989,25,1102,38413,6857,7152,18375,21.89999962,68962.06,56919.5,37900,35900
North Carolina State University at Raleigh,3,4,Public,Southeast,Large City,0.5001,28,1229,20511,13831,9774,17750,20.54000092,76057.18,66351,49900,44100
Graceland University-Lamoni,3,4,Private,Great Plains,Remote Rural,0.5018,21,969,34494,8769,4986,18089.5,23.28000069,59558.41,52671.5,36600,33200
North Carolina Central University,3,4,Public,Southeast,Mid-size City,0.5033,18,859,17873,10084,7653,21670,22.82999992,40378.24,29880,32500,30200
University of New Orleans,3,4,Public,Southeast,Large City,0.5036,23,1072,16212,8079,7448,11750,22.29999924,40387.97,27630.5,37600,32900
Central Christian College of Kansas,3,3,Private,Great Plains,Remote Town,0.5045,21,970,28170,2036,3262,8821,21.04999924,58734.19,51132,30700,28200
SUNY College of Environmental Science and Forestry,3,4,Public,Mid-Atlantic,Mid-size City,0.5052,25,1155,22550,15891,8282,17124,21.02000046,76789.5,67355,41800,38200
Saint Xavier University,3,4,Private,Great Lakes,Large City,0.5054,22,1010,35284,8567,7886,19150,22.59000015,65314.47,53937,43700,40800
Pacific Union College,3,4,Private,Far West,Fringe Rural,0.5055,22,1017,38800,9586,6452,20832,22.81999969,79730.12,64885,51400,44600
Waldorf College,3,3,Private For-Profit,Great Plains,Remote Town,0.5067,21,980,30300,5407,5046,12000,20.20999908,69118.65,62067.5,33800,32000
Southern Methodist University,3,4,Private,Southwest,Large Suburb,0.507,29,1302,57947,15884,11283,19000,21.15999985,95228.81,63543.5,59900,50400
SUNY Oneonta,3,4,Public,Mid-Atlantic,Remote Town,0.5073,24,1097,20762,8609,6242,20500,20.10000038,79989.41,72432,40000,37300
South Carolina State University,3,4,Public,Southeast,Distant Town,0.5079,18,851,25265,8132,6666,21750,20.64999962,37786.96,28809,27200,25100
Texas Lutheran University,3,4,Private,Southwest,Fringe Town,0.5087,23,1041,35480,7862,6626,17750,20.10000038,81310.81,68816.5,43200,38200
Northwood University-Florida,3,4,Private,Southeast,Mid-size City,0.5102,20,932,33485,6736,6891,18750,25.45999908,63920.59,49456,45500,40800
Bethel University,3,4,Private,Southeast,Distant Town,0.5103,20,930,26864,7006,3935,14531,29.09000015,46908.56,37640.5,39300,35200
Santa Clara University,3,4,Private,Far West,Mid-size City,0.5122,29,1294,57213,10783,11662,19500,19.95000076,120161.97,100259,69200,61500
University of South Carolina-Aiken,3,4,Public,Southeast,Large Suburb,0.5122,21,973,18466,6883,6243,13750,21.85000038,54859.12,41442,35400,32800
Alabama State University,3,4,Public,Southeast,Mid-size City,0.5125,17,830,17400,7393,6557,15854.5,20.88999939,31846.99,24029.5,26400,22400
Cairn University-Langhorne,3,4,Private,Mid-Atlantic,Large Suburb,0.5131,22,1008,32509,6906,5653,21540,23.39999962,66426.59,61586.5,33600,30700
West Virginia University Institute of Technology,3,3,Public,Southeast,Fringe Rural,0.5131,21,990,14465,7477,6566,14625,22.87000084,44064.53,34515,43600,38700
Kentucky Christian University,3,4,Private,Southeast,Distant Town,0.5136,21,976,29246,4538,4594,9500,21.32999992,59198.41,48450.5,29000,26500
Brewton-Parker College,3,3,Private,Southeast,Distant Rural,0.5137,19,896,22499,4183,4805,10250,25.75,48138.91,37869.5,31800,29300
Reinhardt University,3,4,Private,Southeast,Fringe Rural,0.514,22,1013,30734,6378,5710,9500,22.60000038,81710.16,67316.5,35400,33600
University of St Francis,3,4,Private,Great Lakes,Large Suburb,0.5141,23,1070,36226,7644,7543,21000,24.46999931,78868.51,73669,47500,44700
Olivet College,3,4,Private,Great Lakes,Distant Rural,0.5148,20,927,31515,5069,5258,19000,20.37000084,64499.03,57515,33600,31000
SUNY at Fredonia,3,4,Public,Mid-Atlantic,Distant Town,0.5154,24,1056,20802,10250,6817,19000,19.93000031,79864.05,75269.5,37100,35700
Framingham State University,3,4,Public,New England,Small City,0.5167,22,1040,21402,5080,7977,15522.5,20.76000023,78825.5,72222.5,41500,40200
Bowie State University,3,4,Public,Mid-Atlantic,Large Suburb,0.5176,19,886,18581,6996,7393,16500,21.25,57366.51,45228,45300,42600
Georgia Southern University,3,4,Public,Southeast,Remote Town,0.52,23,1094,21513,6183,6217,16250,20.59000015,75183.28,61757,39300,36600
Converse College,3,4,Private,Southeast,Small City,0.5201,24,1072,39748,6345,6284,18333,24.04000092,65434.68,50064,30100,30100
Aquinas College,2,3,Private,Southeast,Large City,0.521,25,1115,31324,10170,5291,21230,30.87999916,52905.11,41470,46800,45200
Southwestern University,3,3,Private,Southwest,Large Suburb,0.5217,26,1168,46789,14025,7926,20644,19.54000092,106019.52,95160,47400,41700
California State Polytechnic University-Pomona,3,4,Public,Far West,Large Suburb,0.5218,23,1070,19402,7355,9101,15703.5,21.73999977,46768.74,30962,48100,45000
Sul Ross State University,3,4,Public,Southwest,Remote Town,0.522,18,865,17254,6455,6180,10250,23.60000038,34295.12,23682,36000,33000
The University of Tampa,3,4,Private,Southeast,Large City,0.5221,24,1075,37714,6103,8424,17550.5,21.01000023,81805.23,66421,44000,40200
Union College,3,4,Private,Great Plains,Large City,0.5229,23,1050,30383,9339,5335,16937.5,21.09000015,60873.43,49856,40800,34400
North Park University,3,4,Private,Great Lakes,Large City,0.5234,22,1030,31065,6660,7535,18750,22.29999924,73119.69,60232.5,40700,37300
Concordia University-Saint Paul,3,4,Private,Great Plains,Large City,0.5239,21,991,40267,5381,4358,16667,26.18000031,66177.34,57993.5,50100,44700
The Christ College of Nursing and Health Sciences,2,2,Private,Great Lakes,Large City,0.525,22,1011,25338,10770,6507,18208,29.37999916,53912.61,40527,46200,47500
Adams State University,3,4,Public,Rocky Mountains,Remote Town,0.526,20,939,17759,7996,5986,11000,24.12999916,45711.23,34243,33600,30700
Claflin University,3,4,Private,Southeast,Distant Town,0.526,18,873,29849,7775,6217,22055,22.95999908,35924.15,27154,27800,25000
Farmingdale State College,3,3,Public,Mid-Atlantic,Large Suburb,0.5264,21,969,15258,9540,7951,11000,22.84000015,60549.91,44234,47900,44200
Wilson College,3,4,Private,Mid-Atlantic,Small City,0.5267,22,993,39818,8569,6535,23111.5,25.80999947,56466.35,43650,31600,29400
Lipscomb University,3,4,Private,Southeast,Large City,0.527,25,1149,37181,10013,7138,14500,20.62000084,86133.94,79148,38900,35500
University of Arkansas at Little Rock,3,4,Public,Southeast,Mid-size City,0.5274,24,1077,19894,7292,7480,14250,25.13999939,37463.78,26332.5,34600,31600
Barclay College,3,4,Private,Great Plains,Remote Rural,0.5285,20,954,24990,3955,4622,12625,21.29999924,55592.03,46657,28900,26400
University of Dayton,3,4,Private,Great Lakes,Mid-size City,0.5297,27,1181,46250,10823,8494,23250,19.75,122480.57,108917.5,49600,45900
Carroll College,3,3,Private,Rocky Mountains,Remote Town,0.53,24,1112,38575,7125,6312,21500,20.64999962,79554.2,68497,41400,37800
Bluffton University,3,4,Private,Great Lakes,Distant Town,0.5308,22,1027,40078,8243,5189,19450,22.04999924,71456.74,68081,36300,34900
St John's University-New York,3,4,Private,Mid-Atlantic,Large City,0.5316,24,1093,50233,10743,11777,20000,19.69000053,65214.94,49731,54700,48000
Limestone College,3,3,Private,Southeast,Fringe Town,0.5322,22,1010,34658,4875,4780,20000,30.13999939,43422.74,31465.5,37100,33800
Coker College,3,3,Private,Southeast,Distant Town,0.5326,20,956,32029,6063,6032,20850,26.79999924,50898.45,34833,32500,30400
Morningside College,3,4,Private,Great Plains,Small City,0.5337,23,1050,36280,5367,6371,19932,20.31999969,68803.77,64251,38400,36600
University of North Florida,3,4,Public,Southeast,Large City,0.5343,25,1143,19415,5323,7279,14000,22.59000015,55334.71,41844.5,41100,38400
Point University,3,3,Private,Southeast,Distant Town,0.5353,20,946,27497,4477,5482,19500,21.85000038,66473.94,56038,29400,27800
University of Saint Francis-Fort Wayne,3,4,Private,Great Lakes,Large City,0.5362,21,981,31516,7513,5666,20000,23.61000061,69162.62,63504,38200,36600
Young Harris College,3,3,Private,Southeast,Remote Rural,0.5365,21,980,34007,8802,6076,10500,19.71999931,72203.98,57743.5,34900,31200
University of Connecticut,3,4,Public,New England,Large Suburb,0.5366,28,1233,25786,20908,11500,18983,20.12000084,94914.09,86510,54100,49700
Kansas Wesleyan University,3,4,Private,Great Plains,Remote Town,0.537,22,1014,34402,4988,5498,15455,22.12000084,62345.03,53597,37700,35600
Multnomah University,3,4,Private,Far West,Large City,0.538,23,1104,33878,5444,5433,20075,22.65999985,56167.68,46586,30400,28800
Indiana University-East,3,4,Public,Great Lakes,Fringe Rural,0.5381,21,943,15334,5273,5755,13336,25.76000023,41221.38,33572,30700,27600
Midway College,3,4,Private,Southeast,Distant Rural,0.5381,22,1032,33132,6789,5459,16750,28.11000061,49200.78,37808,35900,33700
Howard Payne University,3,4,Private,Southwest,Remote Town,0.5382,20,953,32861,8101,5553,12275,21.94000053,57439.52,46720,35800,33300
University of West Georgia,3,4,Public,Southeast,Fringe Town,0.5385,20,950,18879,6178,5787,14250,22.28000069,62503.86,51454,35100,32800
Southwestern Adventist University,3,4,Private,Southwest,Fringe Town,0.5392,20,949,27907,9043,6105,17995,23.44000053,49948.99,38208,38100,37900
Mount Mary University,3,4,Private,Great Lakes,Large City,0.5397,20,957,33166,7405,5671,25000,24.45999908,55925.32,39454,39300,37900
Elon University,3,4,Private,Southeast,Mid-size Suburb,0.5398,25,1200,41679,14745,8485,20500,19.53000069,118353.3,104953,47500,43600
Central Baptist College,3,3,Private,Southeast,Small City,0.5407,21,974,20386,5075,4948,10828,24.46999931,53036.83,44821,36300,31200
Saint Peter's University,3,4,Private,Mid-Atlantic,Large City,0.5408,19,913,40921,8447,8274,17500,21.94000053,57869.74,42545,42200,40000
Loyola Marymount University,3,4,Private,Far West,Large City,0.5412,27,1202,55432,14921,10098,20201.5,20.12000084,101494.67,76696,58000,49600
University of North Carolina Wilmington,3,4,Public,Southeast,Mid-size City,0.5419,24,1154,18165,7865,7872,16500,21.12999916,75837.12,63608.5,39100,35700
Pennsylvania State University-Main Campus,3,4,Public,Mid-Atlantic,Small City,0.542,27,1199,31625,18073,9902,21500,20.87999916,81964.64,70439.5,48100,43400
Mount Carmel College of Nursing,3,4,Private,Great Lakes,Large City,0.5421,22,1030,25491,5545,6657,18750,23.44000053,71213.34,63567,53900,55400
Montreat College,3,4,Private,Southeast,Large Suburb,0.5429,20,950,33963,4259,5125,19700,28.70999908,64156.98,51073,38400,34100
Concordia University-Chicago,3,4,Private,Great Lakes,Large Suburb,0.5441,22,1030,34774,8334,4134,15750,22.06999969,69992.09,61882,39000,36400
Xavier University of Louisiana,3,4,Private,Southeast,Large City,0.5443,23,1048,27550,8326,8252,18000,19.70000076,57479.8,38660.5,59100,43200
Rogers State University,3,3,Public,Southwest,Fringe Town,0.5445,20,950,17213,5098,5534,8250,24.84000015,38422.73,29974,33400,30500
University of South Carolina-Sumter,2,2,Public,Southeast,Small City,0.5456,19,927,16781,6189,5559,7818,23.30999947,42819.92,32332,33800,31000
Johnson University,3,4,Private,Southeast,Fringe Rural,0.5464,22,1022,19898,6145,5485,14250,21.88999939,63483.08,53910.5,29300,28100
Georgia State University,3,4,Public,Southeast,Large City,0.5466,23,1060,23124,7273,7149,17070,22.56999969,53412.71,38306,40500,37500
Hampden-Sydney College,3,3,Private,Southeast,Distant Rural,0.5486,25,1113,49139,12547,7887,19500,19.47999954,123258.46,105824,46200,42500
Georgia Institute of Technology-Main Campus,3,4,Public,Southeast,Large City,0.5493,30,1352,21980,13939,11230,20750,20.03000069,94533.48,82697,69300,65700
Bridgewater College,3,3,Private,Southeast,Small Suburb,0.5493,23,1033,41180,5849,6211,19500,19.45000076,91813.53,82400,38900,37500
Salisbury University,3,4,Public,Mid-Atlantic,Small Suburb,0.5494,24,1145,20916,6654,6688,16250,20.54999924,94182.53,87919.5,46000,44100
SUNY College of Technology at Alfred,2,3,Public,Mid-Atlantic,Remote Town,0.5494,24,1090,21127,9777,5797,12000,21.48999977,59246.15,51047,38300,35600
Fayetteville State University,3,4,Public,Southeast,Mid-size City,0.5496,18,851,13188,8010,8064,17003.5,23.79000092,35071.6,26610.5,30000,26700
Crown College,3,4,Private,Great Plains,Fringe Rural,0.55,21,983,34574,3243,4584,14625,26.23999977,61329.29,53587.5,33300,30000
University of Maryland Eastern Shore,3,4,Public,Mid-Atlantic,Fringe Town,0.5502,18,871,20587,8823,7299,18071,20.20000076,51710.12,40227,35900,32800
Goshen College,3,4,Private,Great Lakes,Small City,0.5506,26,1123,37707,10729,5509,17000,22.17000008,76827.8,71149,35800,34400
Five Towns College,3,4,Private For-Profit,Mid-Atlantic,Large Suburb,0.5509,21,894,31557,3621,4824,17625,20.81999969,73658.77,61243,33200,30100
Millikin University,3,4,Private,Great Lakes,Small City,0.5512,24,1087,39576,8378,5844,22000,21.96999931,76988.11,68264.5,41500,38600
Dallas Christian College,3,4,Private,Southwest,Large Suburb,0.5516,20,930,24499,5755,4459,14250,27.17000008,58646.5,42236,38700,36700
Valdosta State University,3,4,Public,Southeast,Small City,0.5522,22,1033,20958,5873,5998,16000,21.71999931,63517.53,51351,36300,34300
University of Washington-Seattle Campus,3,4,Public,Far West,Large City,0.5523,28,1234,24606,23645,10461,14793.5,22.63999939,55950.49,38703,56400,48300
Ramapo College of New Jersey,3,4,Public,Mid-Atlantic,Large Suburb,0.5526,23,1096,27781,8976,9521,19500,20.72999954,87457.04,79102,47000,45300
Neumann University,3,4,Private,Mid-Atlantic,Large Suburb,0.5531,18,861,37314,5192,6649,20000,21.70000076,79974.68,72393.5,40300,36400
Columbus State University,3,4,Public,Southeast,Mid-size City,0.5543,21,984,17029,7030,6212,14750,23.29000092,48872.34,35427.5,33500,30700
Anderson University,3,4,Private,Great Lakes,Small City,0.5545,23,1053,37937,8062,6395,23000,21.51000023,78026.29,72723,36800,33400
SUNY at Albany,3,4,Public,Mid-Atlantic,Small City,0.5545,24,1102,21249,11393,9423,16750,20.29999924,74245.98,60558,47600,44100
Simpson University,3,4,Private,Far West,Small City,0.555,22,1030,33889,6136,6144,16666,25.21999931,58109,44207,32300,28000
Ohio State University-Main Campus,3,4,Public,Great Lakes,Large City,0.5553,29,1289,24524,16161,11284,17000,21.04000092,75442.68,65600.5,43800,38900
Lake Erie College,3,4,Private,Great Lakes,Large Suburb,0.5561,21,983,39085,5191,6327,16160,22.51000023,64742.4,54053,32700,31300
Winston-Salem State University,3,4,Public,Southeast,Mid-size City,0.5565,18,889,15990,10878,7643,20499,22.97999954,42348.28,30559.5,32600,28900
La Roche College,3,4,Private,Mid-Atlantic,Large Suburb,0.5565,21,931,35493,5901,5789,18750,22.07999992,67680.38,62381,40000,37000
Pratt Institute-Main,3,4,Private,Mid-Atlantic,Large City,0.5572,26,1140,54582,13360,9254,23241,20.88999939,75159.24,59029,40600,37300
Richard Bland College of the College of William and Mary,2,2,Public,Southeast,Fringe Rural,0.5572,15,837,13460,4709,6156,5700,22.68000031,36143.81,28936.5,33800,29000
Blue Mountain College,3,4,Private,Southeast,Distant Rural,0.5573,22,1007,16926,6650,4550,12750,24.45000076,43147.05,34940,27900,28400
Woodbury University,3,4,Private,Far West,Large City,0.5575,22,987,42465,12067,9365,27000,22.93000031,49061.63,35334.5,45300,41200
Oglethorpe University,3,4,Private,Southeast,Large Suburb,0.5576,25,1131,43689,8645,4728,18459,22.32999992,62554.51,46214.5,41100,37600
Lewis University,3,4,Private,Great Lakes,Large Suburb,0.5587,24,1088,34079,8122,9021,20000,22.75,78739.55,71614,47000,43500
Concordia University-Portland,3,4,Private,Far West,Large City,0.5592,21,993,35963,3210,7401,17500,24.81999969,64443.3,53453,43600,38800
University of Georgia,3,4,Public,Southeast,Mid-size City,0.5608,28,1247,21162,8478,9015,16831,21.19000053,84425.2,69003,48800,42500
Northern Illinois University,3,4,Public,Great Lakes,Small Suburb,0.5613,22,1010,27621,12208,7834,16500,20.76000023,72317.38,64181,42500,39500
University of Pittsburgh-Pittsburgh Campus,3,4,Public,Mid-Atlantic,Large City,0.5613,28,1258,30410,16506,9533,22000,20.93000031,79347.41,71893,51000,45600
Rose-Hulman Institute of Technology,3,4,Private,Great Lakes,Small City,0.5622,30,1310,55413,20879,8411,26000,19.5,105688.73,91307,72500,71300
Adrian College,3,3,Private,Great Lakes,Distant Town,0.5628,22,1007,40199,7091,7453,14250,19.62999916,77959.35,71008.5,35000,33800
Moore College of Art and Design,3,4,Private,Mid-Atlantic,Large City,0.5632,24,982,47675,10517,5557,26991,21.29999924,79840.06,67507,33600,29400
The College of Wooster,3,3,Private,Great Lakes,Distant Town,0.5633,28,1231,51300,13868,8007,20490,19.36000061,99900.84,88881.5,43600,39900
University of the Sciences,3,4,Private,Mid-Atlantic,Large City,0.5635,25,1165,49327,12508,8000,27000,19.69000053,90253.37,82840.5,88000,94000
Albion College,3,3,Private,Great Lakes,Fringe Town,0.5639,25,1143,45690,11574,6969,22500,19.20999908,95788.54,85027.5,46500,40800
Oklahoma Baptist University,3,4,Private,Southwest,Distant Town,0.5646,24,1098,31759,6372,6090,12000,20.61000061,67085.53,58859,35900,34100
University at Buffalo,3,4,Public,Mid-Atlantic,Large Suburb,0.5652,26,1158,20885,15151,10026,15200,20.78000069,68669.08,56636,50600,44500
Kennesaw State University,3,4,Public,Southeast,Large Suburb,0.5654,23,1068,20630,6179,6252,15000,24.51000023,57729.39,41150.5,39800,37200
The University of Alabama,3,4,Public,Southeast,Small City,0.5655,26,1171,26717,9817,9605,17750,20.77000046,74131.14,58976,44700,39200
Minot State University,3,4,Public,Great Plains,Remote Town,0.5662,22,1004,14549,8038,6338,12878.5,22.93000031,51835.46,43540,38100,34600
Francis Marion University,3,4,Public,Southeast,Small Suburb,0.5667,20,938,19965,8401,7223,19250,20.54999924,52223.66,38222,33000,30400
Holy Names University,3,4,Private,Far West,Large City,0.5668,19,910,46994,7958,7717,21500,25.85000038,63127.65,45708,52900,45800
Clark Atlanta University,3,4,Private,Southeast,Large City,0.568,19,880,34201,8191,6418,20000,19.92000008,55844.37,41956,32700,29800
Florida State University,3,4,Public,Southeast,Mid-size City,0.5681,27,1212,20774,8596,9706,18750,20.76000023,68162.48,51372.5,44700,40000
Tarleton State University,3,4,Public,Southwest,Remote Town,0.5682,21,984,17709,6065,7074,13118,23.17000008,54294.39,42847,40700,37900
Stephen F Austin State University,3,4,Public,Southwest,Fringe Rural,0.5687,22,998,21909,6535,7087,16074,21.79000092,60300.43,45665,39800,36800
University of Jamestown,3,4,Private,Great Plains,Remote Town,0.5689,23,1038,27712,6849,6234,17000,20.70999908,72381.79,68940.5,41000,36900
The College of New Rochelle,3,4,Private,Mid-Atlantic,Large Suburb,0.5695,24,986,43273,5170,8030,16000,32.36000061,25320.42,18962,36400,33300
Whitman College,3,3,Private,Far West,Small City,0.5696,30,1327,54865,18262,8715,14600,19.62000084,106429.17,93725,42500,37900
Illinois Institute of Technology,3,4,Private,Great Lakes,Large City,0.5697,28,1252,48940,12231,11256,22015,21.44000053,69130.16,55985.5,70000,61700
College of Saint Mary,3,4,Private,Great Plains,Large City,0.5701,23,1070,36592,6776,5984,20500,26.25,52522.1,35766,38600,36300
Covenant College,3,4,Private,Southeast,Large Suburb,0.5704,26,1173,38510,8344,6841,18500,24.81999969,72154.89,61514,42200,37200
Southern Utah University,3,4,Public,Rocky Mountains,Remote Town,0.5709,23,1066,18042,5519,6526,8250,22.5,45460.22,30660.5,36700,34000
Elizabeth City State University,3,4,Public,Southeast,Distant Town,0.5715,17,849,10620,8556,7545,18137,21.97999954,36585.54,26308,27100,25100
Lake Forest College,3,4,Private,Great Lakes,Large Suburb,0.5727,26,1157,49743,10173,8231,24000,19.68000031,96529.57,81078,46400,41600
Bluefield College,3,3,Private,Southeast,Remote Town,0.5729,19,900,33668,4345,4689,14454.5,29.82999992,61255.39,52096,44800,39400
Davis & Elkins College,3,3,Private,Southeast,Remote Town,0.5734,20,945,32812,7794,5456,14250,23.48999977,53289.57,38296,35300,32500
University of Arkansas-Fort Smith,3,3,Public,Southeast,Small City,0.5736,22,1028,14335,5165,6658,8240,24.29000092,34268.8,25892,31400,28400
Hiram College,3,4,Private,Great Lakes,Fringe Town,0.5736,22,1030,42672,9169,5420,21333.5,23.19000053,70702.85,63023.5,39500,35300
Marquette University,3,4,Private,Great Lakes,Large City,0.5745,27,1217,46649,9995,9665,24760,20.17000008,105199.44,93069,57800,52300
Nova Southeastern University,3,4,Private,Southeast,Large Suburb,0.5746,24,1084,40783,10921,9482,19482,27.12000084,45894.94,31833,50400,42300
California State University-Dominguez Hills,3,4,Public,Far West,Small City,0.5747,17,845,12957,6807,8202,14191,25.52000046,33355.93,25199.5,42500,39100
Baylor University,3,4,Private,Southwest,Mid-size City,0.5747,27,1215,51086,14046,8793,21000,19.79999924,93014.48,72163,47700,43700
Morgan State University,3,4,Public,Mid-Atlantic,Large City,0.5757,18,893,20108,9025,7430,22907,20.68000031,51957.78,40263.5,35600,34100
Bay Path College,3,4,Private,New England,Large Suburb,0.576,20,964,40447,6148,7754,18065,27.28000069,57186.55,45278,39800,37500
Wentworth Institute of Technology,3,4,Private,New England,Large City,0.5761,24,1109,43850,8790,8039,21700,20.34000015,89672.88,81863,53300,52100
University of Minnesota-Morris,3,3,Public,Great Plains,Remote Town,0.5764,26,1168,22853,8451,6597,14768,20.20000076,76388.28,71476,37400,34500
Rhodes College,3,4,Private,Southeast,Large City,0.5764,29,1288,50659,14821,8035,22991,19.48999977,126222.05,100407,48700,41400
William Penn University,3,4,Private,Great Plains,Remote Town,0.5766,20,926,33081,4768,5792,18740,27.68000031,53458.98,45954.5,40500,36900
William Jewell College,3,3,Private,Great Plains,Large Suburb,0.5778,25,1146,42688,9378,6077,19500,21.44000053,87388.08,75990.5,42900,40500
Ursuline College,3,4,Private,Great Lakes,Large Suburb,0.5782,22,1018,35976,10964,5748,26334,25.95000076,52554.85,39096,43900,42400
Willamette University,3,4,Private,Far West,Mid-size City,0.5784,27,1198,52665,14645,9341,19538.5,19.80999947,97165.98,82978,44400,41300
Chestnut Hill College,3,4,Private,Mid-Atlantic,Large City,0.5785,21,960,42663,7120,6218,23500,25.34000015,60225.69,44204,40300,39200
Clemson University,3,4,Public,Southeast,Large Suburb,0.5787,29,1259,27944,11711,9907,20008,20.06999969,97916.93,87306,48500,43500
North Greenville University,3,4,Private,Southeast,Fringe Rural,0.5791,25,1137,28373,4680,5568,12000,20.39999962,59609.92,53275,28700,27000
Marian University,3,4,Private,Great Lakes,Large City,0.5795,22,1024,39369,8781,5762,23412.5,26.12000084,61627.36,48632,42500,39800
Loyola University Maryland,3,4,Private,Mid-Atlantic,Large City,0.58,27,1194,56736,11584,8346,26000,19.36000061,134101.78,112164,64000,56400
SUNY College at Old Westbury,3,4,Public,Mid-Atlantic,Large Suburb,0.5804,21,998,15888,9499,8055,13821,22.04999924,44887.77,34319,42100,39000
Webster University,3,4,Private,Great Plains,Large Suburb,0.5806,24,1107,37363,6648,8068,20500,24.03000069,72024.67,61052,41900,37400
Lancaster Bible College,3,4,Private,Mid-Atlantic,Large Suburb,0.5813,19,982,27372,8105,5605,12000,22.45000076,66006.2,60888,29900,28400
California State University-Fresno,3,4,Public,Far West,Large City,0.5815,19,920,16377,6446,8027,14500,22.36000061,40758.26,28781,40700,38100
O'More College of Design,3,3,Private,Southeast,Small City,0.5816,23,1050,35632,7921,3697,15500,22.78000069,61880.14,55868,38200,24700
Upper Iowa University,3,4,Private,Great Plains,Remote Rural,0.5818,22,1010,35190,4234,5794,15882.5,28.40999985,48304.02,38423,40700,39000
Salem College,3,4,Private,Southeast,Mid-size City,0.582,25,1110,39859,7665,5969,18750,27.14999962,51051.58,40939,31300,31400
St Mary's University,3,4,Private,Southwest,Large City,0.5823,23,1050,35160,12291,9441,20000,20.92000008,60439.11,44525.5,44400,40800
California State University-San Bernardino,3,4,Public,Far West,Mid-size City,0.5831,18,888,17030,6585,8558,16431,24.04000092,40191.82,28986.5,42300,40600
LaGrange College,3,4,Private,Southeast,Distant Town,0.5837,21,995,37305,12133,5532,18686.5,23.65999985,71834.84,63008.5,39800,38000
University of Arkansas Community College-Morrilton,2,2,Public,Southeast,Distant Town,0.5838,20,930,11593,3700,4606,5500,25.61000061,27845.43,20671,27100,25000
Illinois Wesleyan University,3,3,Private,Great Lakes,Small City,0.5838,28,1241,48522,15537,7853,25000,19.38999939,113545.76,103114.5,51100,48500
Rosemont College,3,4,Private,Mid-Atlantic,Large Suburb,0.5838,21,927,45067,6212,5011,25000,23.70000076,62008.28,45253,45100,42200
University of Houston,3,4,Public,Southwest,Large City,0.5841,25,1136,22215,7456,10569,14878,22.10000038,48647.14,33211,51000,45200
Grace University,3,4,Private,Great Plains,Large City,0.5846,22,995,27873,9292,5045,12000,23.5,62069.08,49345.5,30900,29100
Virginia Union University,3,4,Private,Southeast,Mid-size City,0.5848,15,750,26885,5953,5524,14250,19.95000076,49664.21,39816.5,28100,27200
The University of Texas at Dallas,3,4,Public,Southwest,Mid-size City,0.5857,28,1262,22381,9848,12416,15080.5,23.36000061,54836.23,39445.5,51200,46800
University of Arkansas,3,4,Public,Southeast,Small City,0.5858,26,1156,19917,8349,8902,14990,21.45999908,68151.74,52612,43700,39200
Davis College,3,3,Private,Mid-Atlantic,Mid-size Suburb,0.5859,17,928,21593,3198,4587,12000,23.52000046,50625.47,42273.5,27000,23900
Austin College,3,4,Private,Southwest,Small City,0.5861,25,1181,45800,14009,7605,23000,19.64999962,96751.26,83025,45500,41000
Friends University,3,4,Private,Great Plains,Large City,0.5862,21,977,33388,5303,6443,20834,27.87000084,56227.91,45203.5,42400,38300
Hofstra University,3,4,Private,Mid-Atlantic,Large Suburb,0.5871,26,1165,49604,15989,12848,19150,20.42000008,90094.08,74751,50700,45900
Oak Hills Christian College,3,3,Private,Great Plains,Remote Town,0.5873,20,930,25300,7682,4095,12000,21.79999924,48767.6,43608.5,27400,21000
Florida College,2,3,Private,Southeast,Large Suburb,0.5875,23,1060,25690,8775,6334,10750,19.46999931,75203.8,67855,34600,31200
Cedar Crest College,3,4,Private,Mid-Atlantic,Mid-size City,0.588,21,948,41240,9593,7031,23250,24.94000053,63707.67,53743.5,44900,42500
Bethany College,3,3,Private,Great Plains,Remote Town,0.5882,21,956,34042,5421,4361,15750,20.23999977,67371.34,60417,35900,33500
Finlandia University,3,3,Private,Great Lakes,Remote Town,0.5883,20,930,29377,7809,4912,20755,22.31999969,55678.67,41922.5,29500,25500
Rollins College,3,4,Private,Southeast,Large Suburb,0.5889,27,1199,56309,12311,7767,23000,23.03000069,74429.57,46391,45600,40600
Minneapolis College of Art and Design,3,4,Private,Great Plains,Large City,0.5895,23,1073,41935,12814,6334,21166,20.97999954,85830.17,77197,33200,27500
Lyon College,3,3,Private,Southeast,Remote Town,0.5898,25,1142,33355,11002,6354,12000,20.89999962,61878.9,49042.5,37200,35500
Morrisville State College,2,3,Public,Mid-Atlantic,Distant Rural,0.5898,19,930,22083,10578,5781,12000,21.14999962,53204.44,42476.5,32200,29400
Christopher Newport University,3,4,Public,Southeast,Mid-size City,0.5902,26,1161,24696,8747,7705,19736.5,19.70999908,100542.29,95158,41900,39800
Capitol College,3,4,Private,Mid-Atlantic,Large Suburb,0.5903,21,1042,30826,4888,4275,13250,22.90999985,66227.27,53209,65400,65400
Northland College,3,3,Private,Great Lakes,Remote Town,0.5907,24,1105,39123,8863,5767,16000,21.02000046,68490.23,61926,30300,29300
Newberry College,3,3,Private,Southeast,Distant Town,0.5908,20,938,37837,5913,5099,21492,19.93000031,66769.16,53768,30900,28900
St Olaf College,3,3,Private,Great Plains,Distant Town,0.5919,29,1290,50550,16054,8527,25000,19.44000053,118248.44,98006,46000,40200
McMurry University,3,3,Private,Southwest,Mid-size City,0.5924,21,982,34650,8200,5688,16865,21.94000053,57874.34,44039,39500,35700
Stetson University,3,4,Private,Southeast,Mid-size Suburb,0.5925,26,1168,49939,11448,9877,18050,20.70999908,83620.71,64137,40300,36500
Culver-Stockton College,3,3,Private,Great Plains,Remote Rural,0.5926,21,972,33741,6916,5609,15500,20.89999962,65176.6,59583,35500,33100
University of Louisiana at Lafayette,3,4,Public,Southeast,Mid-size City,0.593,23,1070,15342,4963,7568,13000,21.45999908,50339.7,35091,38800,34600
Western Illinois University,3,4,Public,Great Lakes,Remote Town,0.5931,21,970,24375,11290,8263,17729,20.96999931,74171.17,65915,40500,37200
Southeastern University,3,4,Private,Southeast,Small City,0.5932,20,955,30333,5231,6899,14250,22.65999985,65179.01,55937,31200,28300
University of Mississippi,3,4,Public,Southeast,Remote Town,0.5936,24,1100,21526,9350,8409,15750,22.14999962,68842.41,46826.5,46900,37900
University of Connecticut-Avery Point,3,4,Public,New England,Mid-size Suburb,0.594,24,1020,12946,11730,14803,18983,20.12000084,94914.09,86510,54100,49700
Frostburg State University,3,4,Public,Mid-Atlantic,Small Suburb,0.5945,20,963,19454,6658,6570,16750,20.29000092,78080.06,68365.5,40500,38500
Stevenson University,3,4,Private,Mid-Atlantic,Fringe Rural,0.5959,21,990,38785,8585,9724,18197.5,21.07999992,83267.03,77520,47900,45800
Wells College,3,3,Private,Mid-Atlantic,Distant Rural,0.5967,24,1075,48142,9525,6983,17875,20.81999969,62180.76,50673,32800,30100
Arcadia University,3,4,Private,Mid-Atlantic,Large Suburb,0.5969,25,1095,48907,8548,7962,22000,20.35000038,83924.41,76319,41100,38100
University of North Texas,3,4,Public,Southwest,Mid-size City,0.5969,24,1100,18593,7571,9746,14955,22.26000023,64825.21,49512,41200,39400
University of Illinois at Springfield,3,4,Public,Great Lakes,Mid-size City,0.5977,24,1085,21385,10685,7464,15000,25.20999908,54554.28,42542.5,42700,40000
Providence College,3,4,Private,New England,Mid-size City,0.5979,26,1158,56184,12232,9471,27000,19.87999916,120179.81,110798,57700,52900
Northwestern Oklahoma State University,3,4,Public,Southwest,Remote Town,0.598,20,930,13065,6634,5246,7500,23.82999992,42897.39,33698,35500,33200
Northeastern Illinois University,3,4,Public,Great Lakes,Large City,0.5981,19,890,22273,11837,6988,11643.5,24.63999939,35049.57,25711.5,35400,33100
DePaul University,3,4,Private,Great Lakes,Large City,0.5987,26,1163,46375,11612,10392,20500,22.28000069,74671.61,54683,49400,44800
Manhattan Christian College,3,3,Private,Great Plains,Small City,0.5988,22,1020,25439,4388,5189,13000,23.04000092,65890.15,62000.5,33600,29000
University of California-Santa Cruz,3,4,Public,Far West,Small City,0.5991,23,1087,33208,8338,12110,16500,20.28000069,73778.36,58508,42200,37800
Daniel Webster College,3,4,Private For-Profit,New England,Small City,0.5992,19,962,27321,17386,5077,12500,21.54999924,81234.2,74352,51300,45600
Dominican University,3,4,Private,Great Lakes,Large Suburb,0.5997,22,1031,36307,9940,6685,18656,21.60000038,70505.27,58497.5,41700,40100
The University of Texas at Arlington,3,4,Public,Southwest,Large City,0.5998,23,1077,21420,6782,8272,12834,23.21999931,51136.11,36358,46100,42900
Silver Lake College of the Holy Family,3,4,Private,Great Lakes,Distant Town,0.6,20,950,33274,9832,4368,16825,28.51000023,45630.99,37072,37300,36300
Franklin College,3,3,Private,Great Lakes,Large Suburb,0.6002,22,1010,37962,8715,6524,24500,19.79000092,80627.78,77176.5,39600,37400
Eastern Kentucky University,3,4,Public,Southeast,Distant Town,0.6002,22,1009,17801,8413,6910,14921.5,22.37000084,53226.68,40016,34900,31900
University of North Carolina at Greensboro,3,4,Public,Southeast,Large City,0.6002,23,1029,17362,8803,7926,16000,21.55999947,62041.39,50195,35300,33300
Catholic University of America,3,4,Private,Mid-Atlantic,Large City,0.6007,25,1118,54023,15799,9565,22000,21.21999931,120106.07,106352,51100,48900
Iowa Wesleyan College,3,3,Private,Great Plains,Remote Town,0.6012,22,1005,36102,10008,5473,16595.5,24.35000038,53867.45,42117,31400,30800
Rochester Institute of Technology,3,4,Private,Mid-Atlantic,Large Suburb,0.6016,28,1232,45772,16160,9621,24500,20.64999962,82498.77,72166,56500,54000
Sewanee-The University of the South,3,4,Private,Southeast,Distant Rural,0.6027,28,1248,46530,14960,8389,16000,19.60000038,110350.36,81758,39600,34300
Berry College,3,4,Private,Southeast,Small Suburb,0.6032,27,1186,40965,12857,7060,15750,19.71999931,84014.55,71090,36800,34600
Marion Military Institute,2,2,Public,Southeast,Remote Rural,0.6034,22,1040,16520,6128,5909,5500,19.87000084,59734.02,48241,39300,37900
Towson University,3,4,Public,Mid-Atlantic,Small City,0.6034,23,1078,21596,5906,6670,15750,20.88999939,82801.58,71279.5,47700,45700
Purdue University-Main Campus,3,4,Public,Great Lakes,Mid-size Suburb,0.6042,27,1211,23109,15477,11005,20500,20.36000061,87549.24,77728,53800,47500
Florida Institute of Technology,3,4,Private,Southeast,Small City,0.6045,26,1153,52490,10719,9025,8509,20.36000061,87401.79,73416.5,54400,50500
Emmanuel College,3,4,Private,New England,Large City,0.6049,24,1090,49487,7555,8155,24250,20.63999939,91299.92,81534,43800,42200
Ball State University,3,4,Public,Great Lakes,Small City,0.6054,22,1053,21101,9700,7305,18686,20.55999947,78230.63,73544,37800,35800
Clarkson College,3,4,Private,Great Plains,Large City,0.6056,24,1110,22322,9266,5474,21906.5,24.48999977,66396.06,60085.5,46000,45300
Benedictine College,3,4,Private,Great Plains,Distant Town,0.6057,25,1145,36805,5931,6165,19500,20.07999992,89380.43,79145.5,36600,35000
University of South Carolina-Columbia,3,4,Public,Southeast,Mid-size City,0.606,27,1200,23685,10384,9514,19125,20.89999962,76756.24,63282.5,45600,38700
Worcester State University,3,4,Public,New England,Mid-size City,0.6062,22,1016,18494,6536,8356,14500,21.59000015,71596.51,62776.5,41800,39700
Mount Ida College,3,4,Private,New England,Small City,0.6065,18,880,41565,8163,6336,19000,20.52000046,74459.36,61177,36000,32600
Emporia State University,3,4,Public,Great Plains,Remote Town,0.6069,22,1030,15612,7795,6268,14000,21.84000015,60261.55,54559,35100,33200
Louisiana State University-Alexandria,3,3,Public,Southeast,Fringe Rural,0.6074,20,950,14276,7400,5298,9000,24.70999908,35477.1,25217,32800,29000
Winona State University,3,4,Public,Great Plains,Distant Town,0.6075,23,1070,20449,6161,7570,18288,20.70999908,82392.18,80304,41200,39000
Arizona Christian University,3,3,Private,Southwest,Large City,0.6076,23,1045,34444,5656,4617,13136.5,22.29999924,55267.87,43195,32200,29300
Southern Arkansas University Main Campus,3,4,Public,Southeast,Remote Town,0.6081,21,989,17738,6317,6077,10500,22.40999985,37692.78,27662,33300,31700
Augsburg College,3,4,Private,Great Plains,Large City,0.6086,23,1053,42531,9476,6868,23000,24.37999916,74730.25,60818,45400,41300
St Catherine University,3,4,Private,Great Plains,Large City,0.6089,23,1051,43356,9805,6737,22697,25.26000023,66972.65,52083.5,46500,43700
Missouri Baptist University,3,4,Private,Great Plains,Large Suburb,0.6095,22,1001,30542,4293,5248,15807,23.53000069,60271.01,50739.5,33500,31800
Avila University,3,4,Private,Great Plains,Large City,0.6108,22,1028,34898,6943,6747,18750,23.76000023,67407.58,53028,42300,39500
Piedmont College,3,4,Private,Southeast,Distant Town,0.6118,22,1001,32031,6381,5734,16703,25.78000069,65873.24,49580.5,37900,37000
DePauw University,3,3,Private,Great Lakes,Distant Town,0.6121,27,1215,51050,18330,8900,21000,19.48999977,107948.47,92959,51500,44800
Methodist University,3,4,Private,Southeast,Mid-size City,0.6122,21,961,45011,7620,6726,11200,22.87999916,63251.18,45688.5,39300,35200
Madonna University,3,4,Private,Great Lakes,Small City,0.6125,22,1034,22629,7282,7554,21733,27.43000031,58679.09,41119.5,39200,36300
University of San Francisco,3,4,Private,Far West,Large City,0.6129,25,1161,55812,15041,12409,23000,22.20999908,90594.28,70581,62000,53300
Illinois College,3,3,Private,Great Lakes,Distant Town,0.6129,22,1024,36829,9488,5171,20000,19.70000076,79925.37,74965,38200,34400
Lincoln University of Pennsylvania,3,4,Public,Mid-Atlantic,Large Suburb,0.6133,18,853,22497,8889,8170,24376,21.92000008,44650.53,35974,32400,30900
University of the Ozarks,3,3,Private,Southeast,Remote Town,0.6136,23,1057,34532,10651,5489,12349.5,20.45999908,53160.42,44123,36000,33300
The Master's College and Seminary,3,4,Private,Far West,Large Suburb,0.6137,25,1104,40815,7582,7063,15750,21.97999954,77302.02,62514,42500,35400
University of Detroit Mercy,3,4,Private,Great Lakes,Large City,0.6147,25,1142,48027,14080,8667,19300,24.95999908,58134.97,44772,48200,43000
McNeese State University,3,4,Public,Southeast,Small City,0.6151,22,1030,14823,4932,6410,12806,22.29999924,47180.78,33535,38300,33000
Chowan University,3,4,Private,Southeast,Distant Town,0.6154,16,777,32188,5191,6164,9500,20.60000038,53764.13,41295,31500,29400
Kettering University,3,4,Private,Great Lakes,Mid-size City,0.6159,27,1198,49303,11438,7704,22500,19.84000015,88987.34,83977,66200,69900
Northwest Nazarene University,3,4,Private,Rocky Mountains,Mid-size Suburb,0.617,25,1079,34498,6722,5691,19500,22.27000046,71208.46,60526,37000,32300
Coe College,3,4,Private,Great Plains,Mid-size City,0.6171,26,1166,45387,11825,7662,21875,20.40999985,81256.19,75314,43200,40300
University of Hartford,3,4,Private,New England,Mid-size City,0.6173,23,1053,47368,12566,8178,19944,20.14999962,95513.07,85192,41800,39400
Le Moyne College,3,4,Private,Mid-Atlantic,Mid-size City,0.619,24,1080,42068,9710,8776,21216.5,21.52000046,75088.06,62276,47300,45000
Eastern Illinois University,3,4,Public,Great Lakes,Remote Town,0.6191,22,1010,23346,12690,7773,18750,21.32999992,75174.62,69586,38000,36000
University of California-Riverside,3,4,Public,Far West,Large City,0.62,23,1078,29787,10473,11324,17000,20.07999992,57708.66,43078.5,43800,41100
George Mason University,3,4,Public,Southeast,Large Suburb,0.6203,26,1155,22332,12122,10524,17250,22.03000069,72029.93,53311,55500,53100
The Richard Stockton College of New Jersey,3,4,Public,Mid-Atlantic,Mid-size Suburb,0.6211,22,1068,26086,8256,9242,18750,22.09000015,74404.92,64554.5,43700,42300
East Carolina University,3,4,Public,Southeast,Small City,0.6217,23,1050,19851,11838,7975,18500,21.70999908,65286.33,53731,38900,35900
The University of Texas-Pan American,3,4,Public,Southwest,Small City,0.6217,20,937,11601,6001,7552,9621,21.73999977,29912.15,21957,37600,36500
Henderson State University,3,4,Public,Southeast,Distant Town,0.6221,22,1011,18033,6124,5606,10443,22.09000015,44544.81,32258,34100,32300
Albright College,3,4,Private,Mid-Atlantic,Small City,0.6231,23,1033,46170,9620,6340,24562.5,23.62999916,75540.42,66577.5,44900,41700
Meredith College,3,4,Private,Southeast,Large City,0.6232,23,1040,39296,9730,6925,20500,22.59000015,75153.97,56959.5,35900,34400
University of Illinois at Urbana-Champaign,3,4,Public,Great Lakes,Small City,0.6239,29,1303,28564,13674,11576,19399,19.67000008,93333.2,85462,56900,50700
University of Science and Arts of Oklahoma,3,3,Public,Southwest,Distant Town,0.6246,21,990,15440,6819,5379,11296.5,22.57999992,45306.55,36561,32200,29100
Wesley College,3,4,Private,Mid-Atlantic,Small City,0.625,20,841,35199,6971,6703,14250,22.28000069,75952.19,65621,40600,38800
California State University-San Marcos,3,4,Public,Far West,Large Suburb,0.6251,21,966,20386,8553,8357,14000,23.78000069,49340.92,31166,43600,40500
Becker College,3,3,Private,New England,Mid-size City,0.6255,22,1006,44041,5832,7308,15750,24.10000038,65321.14,54112,40800,36300
Columbia International University,3,4,Private,Southeast,Mid-size City,0.6258,22,1055,28141,6611,4559,17250,22.07999992,55502.41,46934,28400,25900
Saint John Fisher College,3,4,Private,Mid-Atlantic,Large Suburb,0.6277,25,1095,39014,8715,8342,21500,20.77000046,82611.49,77096,43800,41400
Huntingdon College,3,3,Private,Southeast,Mid-size City,0.6279,22,999,31433,6571,6027,16850,22.90999985,63952.76,54275.5,36100,33000
University of Michigan-Dearborn,3,4,Public,Great Lakes,Small City,0.6284,25,1125,15831,9628,8640,18750,23.45999908,53031.88,38952,46800,42900
Lewis & Clark College,3,4,Private,Far West,Large City,0.6285,29,1279,53455,14496,9221,19115,20.96999931,83576.98,67573,42500,37600
Cleveland State University,3,4,Public,Great Lakes,Large City,0.6287,22,1030,22041,8213,8624,16500,24.70999908,43936.8,31001,39900,36900
McKendree University,3,4,Private,Great Lakes,Large Suburb,0.6289,23,1046,37004,5614,6641,17613,24.43000031,61352.61,52208,44200,40500
University of Maine at Fort Kent,3,3,Public,New England,Remote Rural,0.6293,23,908,17314,6771,6429,11500,24.54000092,43698.32,35325,31800,30300
University of Massachusetts-Amherst,3,4,Public,New England,Large Suburb,0.6294,27,1209,25665,12988,11354,21500,20.59000015,85910.2,75270.5,46800,43500
Central Michigan University,3,4,Public,Great Lakes,Distant Town,0.6304,22,1029,21523,8249,8603,21721.5,21,77212.89,70233.5,39200,36100
University of Maryland-Baltimore County,3,4,Public,Mid-Atlantic,Large Suburb,0.6315,27,1209,22024,9852,8985,17500,21.37999916,73930.94,59891,50700,46900
Eastern New Mexico University-Main Campus,3,4,Public,Southwest,Remote Town,0.6321,20,932,15021,5613,5960,9436,24,32978.68,24637,30000,26100
Oklahoma Christian University,3,4,Private,Southwest,Large City,0.6321,25,1124,29359,8096,6581,15331,20.10000038,78247.94,70327,36400,33200
Gustavus Adolphus College,3,3,Private,Great Plains,Fringe Town,0.6322,27,1224,48422,14254,7179,26000,19.44000053,108308.7,93107,45800,42400
Appalachian State University,3,4,Public,Southeast,Distant Town,0.6323,26,1156,17780,7361,7657,15635,20.68000031,78640.38,69100,36100,33600
Whittier College,3,4,Private,Far West,Large Suburb,0.6325,23,1043,49920,11366,8954,21500,19.71999931,87350.78,75319,41600,38900
Averett University,3,4,Private,Southeast,Remote Town,0.6329,20,941,36240,11453,6415,19298,27.51000023,61997.88,53773.5,42600,38600
Albany College of Pharmacy and Health Sciences,3,4,Private,Mid-Atlantic,Small City,0.634,27,1195,40718,11879,8530,24930.5,21.05999947,87171.28,80225,110300,125600
San Jose State University,3,4,Public,Far West,Large City,0.6347,22,1030,21160,8070,9155,14000,22.54999924,43366.3,27853.5,52000,48100
Mount Vernon Nazarene University,3,4,Private,Great Lakes,Distant Town,0.6349,23,1071,33321,6654,6099,21875,25.56999969,69623.18,64078,41800,37000
Norwich University,3,4,Private,New England,Distant Town,0.6349,24,1065,47341,6331,7147,23000,20.01000023,88756.18,84597,46200,43800
James Madison University,3,4,Public,Southeast,Small City,0.6356,25,1149,21980,8099,8016,18500,19.67000008,108473.44,99908,52300,48800
Wisconsin Lutheran College,3,4,Private,Great Lakes,Large City,0.6356,24,1097,34192,9405,6106,16172,19.95000076,83771.68,75194,36200,35000
North Central College,3,4,Private,Great Lakes,Mid-size City,0.6365,25,1125,41218,8407,7337,20000,20.72999954,88589.6,83750,41800,40100
Lynchburg College,3,4,Private,Southeast,Small City,0.6369,22,1002,41818,10202,7038,21500,20.37999916,90083.99,77604,40600,37000
Earlham College,3,4,Private,Great Lakes,Distant Town,0.637,29,1262,50930,19527,7391,21197,19.86000061,94178.23,79944,31700,29900
Randolph-Macon College,3,3,Private,Southeast,Large Suburb,0.637,24,1082,45842,9585,7406,19557,19.5,100119.41,92252.5,44000,39900
Webber International University,3,4,Private,Southeast,Fringe Town,0.6377,21,922,34949,3018,4783,9500,21.87999916,62656.98,45832.5,31200,31100
King University,3,4,Private,Southeast,Small City,0.6377,23,1039,36533,4357,4703,17910,25.64999962,59579.65,52011,45500,39900
San Francisco State University,3,4,Public,Far West,Large City,0.6379,22,998,22267,7919,9147,15000,22.86000061,46467.57,29962,45800,42100
University of Bridgeport,3,4,Private,New England,Mid-size City,0.6385,20,923,45640,7757,7160,17500,24.61000061,48341.16,36730,40200,37600
Marietta College,3,4,Private,Great Lakes,Fringe Town,0.6387,24,1105,42205,12211,6565,22353,19.90999985,82604.15,71762,45000,34000
Temple University,3,4,Public,Mid-Atlantic,Large City,0.6387,25,1121,27247,12500,9648,21700,21.32999992,70311.21,56155,49500,43600
Trinity University,3,4,Private,Southwest,Large City,0.6393,29,1270,46274,14743,9715,18500,19.56999969,112397.83,101012.5,54600,49600
SUNY Maritime College,3,4,Public,Mid-Atlantic,Large City,0.6396,23,1056,21493,10198,6536,21980,20.54999924,83846.41,79477.5,70000,68300
Baldwin Wallace University,3,4,Private,Great Lakes,Large Suburb,0.6396,24,1096,37504,10201,7418,24000,21.38999939,79087.32,74030,43700,39900
University of Massachusetts-Lowell,3,4,Public,New England,Large Suburb,0.6397,25,1132,22861,10446,11296,19500,22,70116.7,61757,48300,45600
Furman University,3,4,Private,Southeast,Large Suburb,0.6397,28,1237,55434,18804,8957,20500,19.88999939,111409.56,93139.5,44100,40200
Eastern Michigan University,3,4,Public,Great Lakes,Large Suburb,0.6398,22,1011,18905,8307,8853,19114.5,22.51000023,64529.91,52069,36800,33800
Cincinnati Christian University,3,4,Private,Great Lakes,Large City,0.6398,21,989,25900,6054,5323,16865,25.42000008,58787.19,52439,31200,28000
Clarkson University,3,4,Private,Mid-Atlantic,Remote Town,0.6403,26,1187,54772,13218,10138,24187,19.55999947,89280.81,82272,61900,62400
University of North Carolina at Asheville,3,4,Public,Southeast,Small City,0.6403,26,1190,17468,9085,7371,15772.5,22.01000023,60962.62,48654,32800,31600
University of Nebraska-Lincoln,3,4,Public,Great Plains,Large City,0.6404,25,1147,21024,10583,10085,15799,20.28000069,81338.55,72140.5,43000,39200
Caldwell College,3,4,Private,Mid-Atlantic,Large Suburb,0.6408,21,949,38223,6788,7944,19125,24.46999931,66402.37,50740,42800,38400
Philadelphia University,3,4,Private,Mid-Atlantic,Large City,0.6408,23,1062,46451,9410,7818,24750,20.47999954,91766.66,81316.5,44700,43600
Eastern University,3,4,Private,Mid-Atlantic,Large Suburb,0.6409,21,1041,39764,7909,6289,20927,24.75,76532.53,70417,43500,37900
Hawaii Pacific University,3,4,Private,Far West,Large City,0.6411,22,1005,29762,6203,8603,16250,23.52000046,58493.03,41600,47100,42100
Cornell College,3,3,Private,Great Plains,Fringe Town,0.6411,26,1182,46135,9227,6592,25015,19.65999985,90358.36,82517,38200,35100
Central Connecticut State University,3,4,Public,New England,Large Suburb,0.6413,22,1006,20372,8990,8513,16852.5,21.22999954,74112.94,66799.5,43000,41200
High Point University,3,4,Private,Southeast,Mid-size City,0.6418,24,1087,42300,8793,6894,18250,24.95999908,62315.07,47907.5,37800,34900
Saint Josephs College,3,4,Private,Great Lakes,Distant Town,0.6419,22,998,37135,6339,5443,13576.5,20.30999947,79082.58,75145.5,37900,35800
Birmingham Southern College,3,3,Private,Southeast,Mid-size City,0.6422,26,1177,44512,9990,7513,21500,19.62000084,106237.94,89942.5,41500,38200
University of South Carolina-Upstate,3,4,Public,Southeast,Mid-size Suburb,0.6422,21,982,20848,6703,6139,15750,22.76000023,54133.16,41002.5,36100,33600
Evangel University,3,4,Private,Great Plains,Mid-size City,0.6425,23,1046,30988,6543,6433,16000,21.57999992,67444.26,58776,35900,32400
Kansas City Art Institute,3,3,Private,Great Plains,Large City,0.643,24,1073,45824,9820,6008,24000,20.59000015,80904.38,67036,27600,25200
Monmouth College,3,3,Private,Great Lakes,Remote Town,0.6431,23,1049,40578,9453,6770,22000,19.75,81617.83,76102,38600,35500
Bethel College-North Newton,3,3,Private,Great Plains,Distant Town,0.644,23,1028,33781,7880,5407,15090,21.46999931,69847.54,58902,38500,35400
Saint Louis University,3,4,Private,Great Plains,Large City,0.6443,28,1237,52413,16641,10028,20500,20.87000084,103272.02,87461,52700,48100
California State University-Channel Islands,3,4,Public,Far West,Mid-size Suburb,0.6443,20,954,22570,12026,8434,12500,24.85000038,51655.42,32103,38100,35800
Mars Hill University,3,4,Private,Southeast,Large Suburb,0.6447,20,941,36669,5825,5017,12000,22.39999962,61433.56,50049,29600,28400
St Andrews University,3,3,Private,Southeast,Distant Town,0.6448,21,964,38467,6704,5181,9500,21.5,76330.63,60464.5,31200,31100
Eastern Connecticut State University,3,4,Public,New England,Fringe Town,0.6453,22,1017,22633,8554,8091,17500,21.11000061,81834.42,76549,40600,39500
University of New Mexico-Main Campus,3,4,Public,Southwest,Large City,0.6458,22,1038,16822,11288,8938,14164.5,23.96999931,39057.95,26437,37800,31900
Jackson State University,3,4,Public,Southeast,Mid-size City,0.6464,19,910,18724,8323,6761,23750,23.13999939,29677.48,21113,29300,26000
University of Delaware,3,4,Public,Mid-Atlantic,Large Suburb,0.6468,27,1178,21748,17186,11834,21000,19.69000053,111960.94,102027,53300,50100
Mississippi State University,3,4,Public,Southeast,Remote Town,0.6482,24,1106,20796,6989,7852,15500,21.80999947,57616.67,41243.5,41900,36800
Allegheny College,3,3,Private,Mid-Atlantic,Distant Town,0.6487,26,1182,50044,12490,8108,27000,19.40999985,95883.88,85933,46000,42200
Misericordia University,3,4,Private,Mid-Atlantic,Large Suburb,0.6489,23,1057,38504,7162,7112,22212.5,23.22999954,70680.66,66143,48700,47000
Columbia College,3,4,Private,Southeast,Mid-size City,0.6499,22,1027,37599,7445,5435,23169.5,22.96999931,51606.5,39118,32000,31200
Sam Houston State University,3,4,Public,Southwest,Distant Town,0.6499,21,999,19173,4851,7316,16490,21.46999931,60978.76,47405.5,41600,38400
Norfolk State University,3,4,Public,Southeast,Mid-size City,0.6499,18,879,18837,7209,7608,21500,21.81999969,46384.91,36184,33800,30300
Anderson University,3,4,Private,Southeast,Small City,0.6502,24,1079,35340,5009,6409,19500,22.20000076,68927.17,58707.5,35200,32600
Spring Arbor University,3,4,Private,Great Lakes,Small Suburb,0.6505,23,1069,32709,6679,4953,20729,28.61000061,62085.86,55009.5,39100,34800
Eastern Mennonite University,3,4,Private,Southeast,Small City,0.6505,22,999,38009,11464,5903,14926,22.87000084,77305.35,66842,38500,34900
Central Methodist University-College of Liberal Arts and Sciences,3,3,Private,Great Plains,Distant Town,0.6506,22,1006,32000,9279,5697,12580,24.29000092,55714.2,44654,34900,31500
Seton Hill University,3,4,Private,Mid-Atlantic,Large Suburb,0.652,23,1032,40497,8304,6822,22131,22.30999947,65432.14,56664,38400,36000
Fontbonne University,3,4,Private,Great Plains,Large Suburb,0.6524,23,1070,30833,8770,6008,25000,27.44000053,61278.18,45291,41500,38100
Maine Maritime Academy,3,4,Public,New England,Distant Rural,0.6536,22,1026,23673,9613,3639,26596.5,20.06999969,76872.38,68682,82700,73500
Northwood University-Michigan,3,4,Private,Great Lakes,Small City,0.6538,22,1029,32803,5977,6534,18750,25.45999908,63920.59,49456,45500,40800
Southwest Minnesota State University,3,4,Public,Great Plains,Remote Town,0.6546,22,1010,19109,5187,8030,15750,21.85000038,62197.6,56016,36600,34900
Savannah College of Art and Design,3,4,Private,Southeast,Mid-size City,0.6547,24,1078,49179,10302,8024,21521.5,20.45999908,95838.42,78907,35800,29700
New Jersey Institute of Technology,3,4,Public,Mid-Atlantic,Large City,0.6547,26,1142,26700,8337,11262,16145,21.53000069,60206.72,43773,59400,58300
Thiel College,3,3,Private,Mid-Atlantic,Fringe Town,0.655,21,967,39573,7496,6301,20500,19.90999985,65321.99,57911,35100,33100
Minnesota State University-Mankato,3,4,Public,Great Plains,Small City,0.6555,22,1030,17578,5706,8155,15116,20.79999924,76286.68,71852,41000,38100
Hamline University,3,4,Private,Great Plains,Large City,0.6557,24,1106,43433,7717,6607,18250,22.78000069,71451.3,61451,47800,43100
Gallaudet University,3,4,Private,Mid-Atlantic,Large City,0.6558,18,841,29852,33092,10183,12000,22.72999954,42756.46,26730,29100,26400
Our Lady of the Lake University,3,4,Private,Southwest,Large City,0.6561,18,882,33227,7872,7587,17500,24.79000092,40781.84,31566.5,37000,35700
University of Idaho,3,4,Public,Rocky Mountains,Fringe Rural,0.6565,23,1070,19700,10938,7986,18550,21.45999908,64677.72,51484,41000,35800
Rochester College,3,4,Private,Great Lakes,Large Suburb,0.6567,21,990,26399,5507,4144,14089.5,27.48999977,60476.32,43866,34300,30300
Greenville College,3,4,Private,Great Lakes,Distant Town,0.657,22,1033,33675,6925,5649,16568,23.21999931,65457.64,61294,35800,32400
Emory & Henry College,3,4,Private,Southeast,Fringe Rural,0.6572,22,1004,40866,10417,6133,19000,20.07999992,75578.64,64582,36300,32900
Asbury University,3,4,Private,Southeast,Fringe Town,0.6573,24,1110,33966,8335,5924,20325,21.25,75367.79,68034.5,33000,30200
Florida Gulf Coast University,3,4,Public,Southeast,Large Suburb,0.6579,22,1024,18097,6606,7382,11625,22.43000031,62264.97,46981,39300,37600
Central College,3,3,Private,Great Plains,Distant Town,0.658,24,1089,43491,11755,6790,27000,19.61000061,89009.31,77865,40300,39200
Valley Forge Christian College,3,4,Private,Mid-Atlantic,Large Suburb,0.6585,22,977,29736,6212,4733,21956,20.79999924,60376.62,53124.5,29000,27800
Messiah College,3,4,Private,Mid-Atlantic,Large Suburb,0.659,26,1154,41341,10251,7958,23000,19.54999924,99220.26,91486,42400,38000
Gwynedd Mercy University,3,4,Private,Mid-Atlantic,Large Suburb,0.6591,19,944,39051,7436,7046,20250,26.02000046,79474.28,70168,50200,48600
Drake University,3,4,Private,Great Plains,Mid-size City,0.6595,28,1240,42477,9273,9108,21500,20.27000046,97812.93,88132.5,60300,48000
Centenary College of Louisiana,3,4,Private,Southeast,Mid-size City,0.6597,25,1131,40578,11545,7159,17125,19.80999947,88894.44,72994,46000,40700
Oakland University,3,4,Public,Great Lakes,Large Suburb,0.66,23,1070,19198,7570,8482,18250,22.19000053,68721.79,56986,41500,37900
Presbyterian College,3,3,Private,Southeast,Distant Town,0.66,25,1121,45130,10252,7217,18797,19.29999924,96598.95,84599,40600,37800
Presentation College,3,3,Private,Great Plains,Remote Town,0.6608,20,934,26676,5942,4629,15000,25.46999931,49389.16,39209,34000,32000
Butler University,3,4,Private,Great Lakes,Large City,0.661,28,1212,47010,12922,7980,25000,20.09000015,109689.19,99069,62400,50700
Our Lady of the Lake College,2,4,Private,Southeast,Mid-size City,0.6615,22,1010,21335,6680,6138,16743.5,25.97999954,46979.39,30253,45400,44700
Manhattan College,3,4,Private,Mid-Atlantic,Large City,0.6617,25,1090,44895,9882,9042,21500,19.71999931,104919.34,94555,56500,56000
Lakeland College,3,4,Private,Great Lakes,Fringe Rural,0.6621,22,1007,32706,4730,6425,19023.5,26.37999916,56436.15,45209,39700,37900
California State University-Bakersfield,3,4,Public,Far West,Large City,0.6626,19,901,18061,6087,8122,11000,24.39999962,38023.07,28069.5,43800,42300
Lindenwood University,3,4,Private,Great Plains,Small City,0.6629,23,1045,30193,3942,6787,20500,23.93000031,74703.81,62127,39600,35400
Texas Tech University,3,4,Public,Southwest,Mid-size City,0.663,25,1116,20900,6813,8757,17750,20.59000015,82825.99,69477,49800,43900
University of Southern Mississippi,3,4,Public,Southeast,Small City,0.6631,24,1082,18781,7858,7109,16600,22.63999939,44439.03,29062,37700,33200
Niagara University,3,4,Private,Mid-Atlantic,Large Suburb,0.6633,23,1038,38829,7355,8135,21000,20.04000092,81807.37,77507.5,39300,37600
Ursinus College,3,3,Private,Mid-Atlantic,Large Suburb,0.6633,27,1182,57163,13464,8769,27000,19.61000061,99543.43,89174,49900,46600
DigiPen Institute of Technology,3,4,Private For-Profit,Far West,Small City,0.6635,28,1225,37848,5998,7659,19000,21.20999908,79113.98,68233,74700,72800
Fairmont State University,3,4,Public,Southeast,Distant Town,0.6649,21,965,14710,6107,6656,14210,23.06999969,45075.59,36183,33400,29400
